,Date,Minimum temperature (C),Maximum temperature (C),Rainfall (mm),Evaporation (mm),Sunshine (hours),Direction of maximum wind gust ,Speed of maximum wind gust (km/h),Time of maximum wind gust,9am Temperature (C),9am relative humidity (%),9am cloud amount (oktas),9am wind direction,9am wind speed (km/h),9am MSL pressure (hPa),3pm Temperature (C),3pm relative humidity (%),3pm cloud amount (oktas),3pm wind direction,3pm wind speed (km/h),3pm MSL pressure (hPa)
0,1/02/2021,13.4,20.3,0,7.4,1.6,S,33,21:08,16.9,76,7,N,7,1012.8,19.4,69,7,S,13,1011.9
1,2/02/2021,14.5,19.3,0,3,3.4,SSW,41,14:52,16.7,56,7,S,15,1016.5,18.2,47,7,SSW,20,1017.3
2,3/02/2021,13.7,25.9,0,5.4,13.1,SE,33,16:58,16.5,66,5,SSE,11,1016.5,24.1,44,2,SE,7,1011.1
3,4/02/2021,13.5,30.6,0,6.6,4.1,NNW,43,12:58,17.3,72,7,NE,7,1005.5,29.2,32,7,N,28,1002.7
4,5/02/2021,17.3,29.8,0.4,7.8,8.9,NNW,52,10:27,24.1,62,7,NNE,19,1000.5,25.9,63,7,NNE,24,997.5
5,6/02/2021,16.9,25.4,1.6,9,9.5,NW,39,11:44,18.6,59,7,N,17,998.5,23.7,45,7,NW,11,999.5
6,7/02/2021,14.7,19.2,1.8,5.6,2,SSW,37,11:23,15.5,89,7,W,7,1011.5,17.4,69,7,S,17,1013.7
7,8/02/2021,15,19.2,0.4,4,1.7,SW,35,13:14,15.9,59,7,SSE,13,1017.5,18.5,60,7,S,17,1017.6
8,9/02/2021,12,25.2,0,4,12.7,SSW,28,14:00,16.9,71,4,SSE,11,1018.4,23.3,50,1,SSW,13,1014.5
9,10/02/2021,13.8,31.5,0,7.4,11.6,NNW,30,11:22,17.2,77,1,NNE,7,1015.1,28.3,43,2,SSW,15,1010.5
10,11/02/2021,17.2,32.8,0,8,5.5,N,46,12:20,24.3,58,6,NNE,9,1008.7,31.8,31,7,N,22,1004.5
11,12/02/2021,17.4,23.3,4.6,12.2,5.6,SSW,28,4:17,17.5,67,7,WSW,11,1006,21.8,51,4,SW,9,1005.3
12,13/02/2021,14.7,20.8,0,6,4.9,S,35,14:54,17.2,68,6,W,6,1012.8,20.3,58,7,S,15,1014.8
13,14/02/2021,12.7,20,0,4,8.1,SSW,35,13:52,17.8,56,7,SE,9,1019.5,19.3,58,6,SSW,19,1019.3
14,15/02/2021,14.4,24.6,0,5.6,9.2,SSE,22,7:37,17,73,7,SSE,9,1022,23,54,7,SSW,11,1019.6
15,16/02/2021,15.9,31.3,0,6.2,8.3,N,33,9:27,20.2,67,7,NE,9,1021.6,30.2,32,5,ENE,7,1019.2
16,17/02/2021,16.6,28.8,0,7.4,11.9,SSW,26,14:37,20.1,73,4,NE,7,1021.7,27.1,52,1,SW,7,1020.3
17,18/02/2021,18.1,31.8,0,11.4,12.4,N,46,8:26,22.9,44,0,N,26,1022.6,30,32,1,NNE,9,1019.2
18,19/02/2021,18.2,32.6,0,8,12.4,N,43,9:32,24.4,44,1,N,15,1017.3,31.2,33,3,N,22,1013.4
19,20/02/2021,20.3,23.8,0,13.6,5.9,SSW,33,16:51,22.2,77,7, ,Calm,1013.2,22,76,4,SSW,11,1011.4
20,21/02/2021,17.9,20.6,0,6,0,S,30,20:43,18.1,87,8,ESE,6,1011.4,19,75,8,SSW,13,1010.6
21,22/02/2021,15.9,21.8,0,2.8,6.3,SSW,43,15:24,17.8,71,7,WSW,9,1012.3,20.4,52,7,S,17,1012.5
22,23/02/2021,13.1,19.2,0,7.2,8.5,SSE,43,5:09,16.4,49,6,SSE,15,1018.7,18.2,45,4,SSW,17,1019.4
23,24/02/2021,13,20.2,0,5,9.9,S,35,13:42,15.3,55,7,ESE,9,1020.5,18.5,53,7,SSW,19,1017.8
24,25/02/2021,11.3,24.3,0,5.8,8.7,SSW,39,19:08,13.4,72,7,E,4,1012.8,23.4,37,2,W,11,1009.1
25,26/02/2021,13.3,19.7,0.4,7,6.3,SSW,33,14:18,14.7,64,7,WSW,7,1014.5,18.6,49,5,S,17,1014.1
26,27/02/2021,11.3,18.6,0,6,1,SSW,20,17:50,13.5,71,7,NNE,6,1013.4,17.8,62,7,SSW,9,1012.8
27,28/02/2021,10.6,26.7,0,2.4,9.2,SW,26,22:57,14,77,0,NNE,7,1013.4,26.1,38,5,SW,9,1010
28,1/03/2021,13.8,21.7,0,6.4,6.3,S,44,18:35,16.6,72,6,WSW,6,1012.3,19.7,67,6,S,15,1012.2
29,2/03/2021,13.3,18.1,0,6.2,1.4,SSW,39,13:24,14.7,55,7,S,15,1018.1,17,44,7,SSW,15,1018.6
30,3/03/2021,14.2,17.7,0,4.4,2.1,SSW,33,14:42,15.2,62,7,SSE,11,1020,17.3,54,7,S,13,1019.8
31,4/03/2021,13.6,21.4,0,4,2.6,WSW,35,22:37,15.3,60,7,WSW,11,1017.2,19,60,7,SSW,7,1015.3
32,5/03/2021,15,18,1.4,4.4,3.6,S,35,0:36,15.8,55,7,S,13,1015.1,17.1,53,7,SSW,20,1015.7
33,6/03/2021,14.2,19.4,0,5.6,10,S,33,17:07,15.2,57,7,SE,9,1014.8,18.3,58,2,S,17,1014.1
34,7/03/2021,11.3,28.5,0,6,7.9,N,26,12:20,13.7,82,6,NE,7,1012,27.2,29,6,S,7,1008.2
35,8/03/2021,13.7,19.6,0.2,6,0,SSW,31,16:30,17.4,88,8,WSW,6,1010.4,17.5,79,8,SSW,4,1010.3
36,9/03/2021,13.5,19.6,5.4,0.2,6.9,SSE,33,14:44,14.2,93,7,WSW,6,1017,18.5,63,4,S,15,1018
37,10/03/2021,12.2,20.1,0.2,6.8,7.2,SSW,30,14:35,15.5,81,7, ,Calm,1021.7,19.7,58,1,SW,11,1019.5
38,11/03/2021,11.6,24.7,0,5,4.6,SSW,24,15:56,15,86,7,N,9,1018.6,21,69,7,SW,9,1016.2
39,12/03/2021,14.9,30.3,0,4,10.1,N,26,12:35,17.9,94,1,N,7,1016.7,29,36,7,NNE,9,1012.6
40,13/03/2021,17.7,27.2,0,9.6,0.3,N,41,6:36,24.5,52,7,N,17,1007.4,19,87,8,SW,6,1010.4
41,14/03/2021,11,17.7,17.2,7.4,10,SW,31,2:19,11.9,71,1,W,7,1021.1,17.2,49,5,S,15,1021.8
42,15/03/2021,8.9,22.2,0,2.4,5.2,S,24,22:26,11.1,74,5,NNE,9,1024.8,20.3,58,7,S,7,1023.3
43,16/03/2021,11.1,20.6,0,2.2,8,SSW,26,13:50,16.2,68,7,SSE,9,1026.7,19.6,62,1,SSW,13,1024.7
44,17/03/2021,13.9,26.4,0,2.8,9.9,S,24,13:29,16.2,86,0,NE,4,1025.1,25.4,50,2,SSW,9,1022.7
45,18/03/2021,13.8,24.9,0,5.8,5.1,S,22,16:04,16.8,80,7,NE,4,1025.8,24,59,7,SSW,9,1024
46,19/03/2021,14.2,26.1,0,5.2,6.1,ESE,31,19:22,16.1,88,7,NE,2,1027.2,24.3,63,3,SSW,11,1025.2
47,20/03/2021,14,26,0,5.4,5.3,E,31,13:37,16.7,90,1, ,Calm,1027.4,24,49,7,ESE,13,1024.3
48,21/03/2021,16.7,21.7,1.2,3,0,ESE,17,16:34,18.9,96,8,S,2,1022.6,21.5,86,8, ,Calm,1020
49,22/03/2021,17.5,24.2,5.6,2.6,1.8,NNE,31,12:51,18.9,94,7,NNE,6,1018.8,21.6,72,7,N,13,1016.1
50,23/03/2021,17.6,22,13.8,0.6,0.6,SSW,30,14:29,17.8,100,7,SSE,4,1007.6,21,78,7,SSW,11,1002.5
51,24/03/2021,17,20.3,0.6,2.2,1.7,S,33,13:40,17.5,100,7,W,4,999.9,19.3,85,7,S,17,999.7
52,25/03/2021,15.5,21.1,4.6,2.8,3.1,WNW,31,4:55,15.7,87,7,W,9,1005.3,19.8,52,7,WNW,13,1006.4
53,26/03/2021,11.2,22,0.2,2.8,6.5,N,33,12:05,13.3,77,1,NE,9,1013.7,20.4,46,7,NNW,17,1011
54,27/03/2021,13.2,21.3,3.4,3.8,4.1,NW,31,14:21,14.9,88,7,NNW,7,1010.8,19.9,44,2,WNW,7,1010.6
55,28/03/2021,12.4,20.2,0,4.4,3.9,SSW,24,11:10,14.2,76,6,NNW,7,1018.8,18.3,55,7,SSW,9,1018.6
56,29/03/2021,13.8,18.2,1,2.8,8,SSW,35,14:21,15.4,73,7,SSW,11,1024,17.4,55,7,S,15,1024.7
57,30/03/2021,9.8,18.9,0,3.6,10.2,SSW,26,13:08,11.5,84,7,NE,2,1027.1,18.5,60,1,SSW,11,1025.7
58,31/03/2021,11.4,22.8,0,3.2,8.9,S,19,15:44,15.3,77,7, ,Calm,1026.6,21,58,1,S,7,1023.7
59,1/04/2021,12.4,29.9,0,4.4,10.8,NNW,20,11:49,14.4,86,1,NE,9,1024.3,28.7,30,3,SE,7,1021.6
60,2/04/2021,13.5,30.6,0,6.6,10.8,N,15,6:00,15.1,75,2,NNE,9,1026.2,29.3,28,0,SSW,9,1023.1
61,3/04/2021,15.1,31.6,0,4.4,10.9,N,37,11:45,21.9,55,0,NNW,17,1022.3,30.5,32,0,N,19,1018.3
62,4/04/2021,15.2,24.5,0,8.6,10.1,S,35,14:18,22.9,50,0,NNW,11,1018.5,20,72,1,S,15,1018
63,5/04/2021,16,19,0,5.8,8.1,SSW,30,15:38,16.9,58,7,SSE,9,1022.7,18.1,58,3,SSW,17,1021.5
64,6/04/2021,12.8,20.2,0,4,4.4,SSW,26,12:38,16.2,64,7,SE,9,1023.7,19.6,59,6,SSW,11,1021.5
65,7/04/2021,14.9,23,0,3.2,4.9,SSW,20,16:55,15.8,82,8, ,Calm,1020.2,21.6,61,1,SSW,9,1015.8
66,8/04/2021,15.4,29.3,0,4.6,4.9,NNW,43,14:36,20.5,73,1,N,9,1011,28.9,25,7,NNW,17,1005
67,9/04/2021,13.8,17.3,6.2,6.4,7.9,S,35,3:11,15.2,59,5,W,13,1010,15.7,62,6,S,17,1009.6
68,10/04/2021,12.9,18.3,0.2,2.8,3.9,WSW,54,14:43,14.1,71,6,WNW,11,1007.9,15.4,53,7,SW,17,1008
69,11/04/2021,8.1,14.5,3.4,5.2,6.1,S,56,12:02,9.8,75,4,WNW,11,1014.8,14.1,56,5,SSW,19,1016.9
70,12/04/2021,9.7,16.8,10,3.2,3.9,W,28,2:30,11.7,95,6,WNW,6,1023.7,16,65,6,SSW,11,1021.8
71,13/04/2021,7.8,20,0.6,0,2.5,N,59,15:18,11.5,81,7,NNE,9,1018.8,18.5,46,7,N,28,1011.6
72,14/04/2021,11.5,20.8,0,7.8,6.8,N,43,1:40,18,46,1,NW,13,1010.9,20.1,46,7,WSW,11,1011.1
73,15/04/2021,14,20.2,0,7.4,5.4,SW,39,14:25,15.8,52,3,WNW,11,1016.2,15.7,71,7,WNW,6,1015.3
74,16/04/2021,11.5,15.1,1,4.2,1.3,SSW,24,10:53,12.3,75,7,NNE,6,1024.2,14.5,56,7,S,7,1023.9
75,17/04/2021,12.3,17.7,0,3.2,3.7,SSE,22,14:57,14.2,50,7,W,9,1025.6,16.7,50,7,S,13,1024
76,18/04/2021,13.1,18.8,0,3.2,0.7,NNW,20,11:20,14.9,77,7,NW,2,1023.5,17.5,64,7,S,2,1020.3
77,19/04/2021,12,20.6,0,2.8,2.3,NW,30,13:27,15.3,64,6,N,9,1018.4,18.9,47,6,NNW,15,1014.1
78,20/04/2021,14,18.7,0,5.6,1.9,SSW,44,19:42,16.3,53,5,N,9,1011,11.4,88,7,W,6,1011
79,21/04/2021,7.1,14.9,10.4,0.2,7.7,N,19,23:00,10,65,1,NW,2,1019.2,14.2,48,6,S,7,1015.4
80,22/04/2021,9.9,17,0,4,1.6,WSW,30,16:15,13.4,62,7,NNW,13,1013.3,16.8,46,7,WNW,9,1012
81,23/04/2021,12.1,17.3,0.4,3,2,WSW,31,9:24,14.7,66,7,W,11,1018.6,16.4,51,7,WSW,9,1018.5
82,24/04/2021,13.1,18.3,0,3.2,1.8,NW,30,13:06,15.1,56,7,NNW,15,1023.2,17.3,58,7,SSE,2,1021.8
83,25/04/2021,9.9,17.8,2.6,1.2,3.6,SSW,24,19:10,12.8,83,6,N,2,1027,16,70,7,SSW,4,1025.2
84,26/04/2021,10.9,17.9,1.2,2.2,0.8,SSW,20,10:50,13.6,83,7,SW,6,1027.9,16.1,68,7,S,9,1027.1
85,27/04/2021,11.8,16.6,0.6,2,0.9,W,19,8:57,13.4,87,7,WSW,9,1029.5,16.3,73,7,SSW,11,1026.7
86,28/04/2021,7.4,16.9,0.4,3,9.5,SSW,22,15:03,12.3,87,1, ,Calm,1026.4,14.8,70,5,S,13,1023.9
87,29/04/2021,8.2,18.4,0,2.2,9.9,SSW,17,13:44,12,83,1, ,Calm,1025.1,17.5,66,2,SSW,9,1022.9
88,30/04/2021,9.5,24.4,0,0,10.2,N,30,12:05,12.5,83,1,NNE,13,1027,23.9,32,0,N,15,1024
89,1/05/2021,11.2,24.6,0,5.4,7.1,N,33,12:48,14.9,63,3,NNE,9,1027.3,24.2,35,7,N,17,1024.4
90,2/05/2021,13.7,26,0,6.4,3.8,N,39,14:18,17.5,59,7,NNE,7,1023.3,25.3,36,2,N,20,1018.9
91,3/05/2021,12.5,18.2,0.2,6.8,0.8,S,28,18:35,15,80,7,SW,7,1019.6,17,74,7,SSW,9,1017.6
92,4/05/2021,9.4,15.5,30.8,4.6,0.1,S,39,14:46,12,100,7, ,Calm,1019.9,14.4,78,8,S,19,1021.5
93,5/05/2021,7.2,17.3,0,0.8,9.1,SSW,30,12:37,12.2,83,1, ,Calm,1026,17,52,5,SSW,9,1023.4
94,6/05/2021,7.6,22.2,0,2,8.4,SSE,19,0:01,10.8,83,1,NE,6,1021.6,21.6,56,1,WNW,2,1016.8
95,7/05/2021,10.5,21.5,0.2,2.4,3.6,NE,15,6:35,13.9,91,4,N,7,1014.8,20.2,37,6, ,Calm,1011.3
96,8/05/2021,9.9,19.8,0,2.8,5.1,SW,24,16:55,15.1,76,2,W,4,1013.9,17.3,69,7,SSW,6,1013.4
97,9/05/2021,11,20.5,0.4,0,7.1,NW,28,13:06,13.7,97,6, ,Calm,1018.4,19.5,45,3,WNW,6,1014.9
98,10/05/2021,11.7,16.9,0.2,3.8,0.5,N,41,13:18,14.3,68,7,N,19,1010.2,16.2,56,7,NNW,13,1007.6
99,11/05/2021,10.7,16.3,15.8,2.8,0.1,S,41,4:50,12.2,100,8,SSW,9,1018.7,15.7,71,7,SE,17,1021.3
100,12/05/2021,7.3,18.5,0.8,2.6,8.8,SSE,24,3:04,11,84,3,NNE,7,1024.8,17.9,52,1, ,Calm,1019.6
101,13/05/2021,8.1,17.6,0,1.2,1,NNW,39,11:57,14,65,7,N,15,1012.5,13.1,90,8,NW,9,1011.1
102,14/05/2021,7.8,15.6,4.2,2.4,4.5,W,35,11:04,11.5,71,3,NW,11,1014.5,13.5,67,3,WSW,6,1013.6
103,15/05/2021,7.3,12.9,7.4,2.4,7.5,SSW,54,4:25,8.6,72,4,W,13,1018.1,11.9,59,6,SSW,11,1020.5
104,16/05/2021,8.3,15.5,0.2,3,3.2,NW,35,14:15,10.3,67,6,N,11,1021.8,14.5,59,7,NW,11,1019.1
105,17/05/2021,10.2,15.4,0.4,0.6,7.1,SW,30,1:39,11.8,85,2,WSW,9,1024.7,14.2,53,6,SSW,11,1025.4
106,18/05/2021,10,16,0,1.8,0.7,NW,20,11:17,11.4,77,7,NE,9,1029.1,15.6,57,7,NNW,6,1026.5
107,19/05/2021,9.8,18.5,0,3.6,6.7,N,39,14:45,12.5,70,2,N,15,1027.6,17.9,45,7,NNW,13,1024.3
108,20/05/2021,12,17,0,4,0.2,N,37,1:01,12.7,62,7,N,17,1025.8,16.7,55,7,SW,4,1026.3
109,21/05/2021,6.2,17.7,0,1.6,8.9,NNE,15,8:39,7.2,100,1,NNE,11,1031.9,16.4,44,1,SSW,7,1028.6
110,22/05/2021,3.6,19.2,0,3,9.3,N,35,12:19,6.8,77,1,NNE,7,1027,18.9,36,0,N,13,1023.6
111,23/05/2021,6.1,20.2,0,3.4,8.8,NNW,24,13:50,8.7,78,3,NNE,11,1027.4,20.1,42,3,NNE,13,1024.9
112,24/05/2021,6.8,19.9,0,2.6,4.8,NE,31,12:40,10.7,73,7,NE,9,1027.4,18.4,47,6,N,13,1023.4
113,25/05/2021,10.6,20.9,0,5.6,3.2,N,57,12:48,18.4,50,6,NNE,20,1015.3,15.5,76,8,N,22,1009.6
114,26/05/2021,11.9,14.7,5,3.4,1.4,WNW,39,5:45,13.1,60,7,WNW,11,1016.9,13.9,53,7,W,11,1019.7
115,27/05/2021,9.8,15,0.4,1.6,0.6,W,33,14:15,11.3,94,7,SSW,4,1025.9,14.2,73,7,WSW,11,1025.3
116,28/05/2021,11,13.8,0.4,0.4,0.5,S,39,7:07,12.2,60,7,S,15,1031.8,12.7,59,7,S,11,1032.4
117,29/05/2021,10.4,13.1,0,2,4.1,SSE,26,14:41,11.3,58,7,SSE,6,1034.2,12.7,55,5,S,13,1032.3
118,30/05/2021,1.7,14.5,0,2.4,8.9,NNE,17,23:16,3,94,1,NNE,9,1031.5,14.1,48,,NE,4,
119,31/05/2021,3,16.1,0,2.2,9.1,NNE,31,15:39,5.7,76,0,NNE,11,1025.2,15.7,48,2,NNE,17,1021.6
120,1/06/2021,5.7,15.7,0,4,1.3,N,39,11:32,9.2,60,8,NNE,13,1020.8,15.3,48,7,N,17,1019.4
121,2/06/2021,9.2,19.6,0,3.2,7.7,NNW,33,13:14,12.4,63,1,N,9,1018.8,19,44,5,N,11,1015.2
122,3/06/2021,10.4,16.9,0.2,3.4,7.5,N,24,1:09,12.2,93,2,NE,7,1015.1,16.7,62,5,SSW,9,1012.9
123,4/06/2021,10,13.6,2,1.2,2,S,37,15:23,10.9,81,3,SW,7,1017,11.9,66,7,W,7,1018.5
124,5/06/2021,3.8,12.9,0,1.4,3.5,N,52,14:43,6.7,74,7,N,11,1021.4,12,57,7,N,26,1017.6
125,6/06/2021,6.7,14.7,0,2.6,4.2,N,39,12:17,11,81,7,N,17,1022.2,13.6,73,5,N,17,1019.9
126,7/06/2021,10.7,17.2,0,1,2.6,N,59,14:39,12.5,73,7,N,22,1016.7,16.5,55,7,N,28,1009.3
127,8/06/2021,9.3,13.2,3,4.8,2.3,N,48,0:39,9.3,89,7,NNE,9,1005,11.1,72,7,W,11,1004.8
128,9/06/2021,7.8,14.7,4,1.6,0.5,S,67,23:47,9.7,83,7,SSW,4,1010.7,12.3,86,8,S,20,1008.8
129,10/06/2021,9.7,15.1,12,3.6,0.3,S,67,0:33,14.5,78,8,SSE,30,1009.5,14.3,71,7,ESE,11,1009.8
130,11/06/2021,6.8,15,0.4,0.4,1.3,WNW,22,23:37,7.9,100,7,N,6,1016,14.6,80,7,SSW,7,1013.7
131,12/06/2021,7.4,16.5,9.4,0.4,1,WNW,33,12:32,12.7,85,7,WNW,7,1014.4,15.5,61,7,W,11,1014
132,13/06/2021,10.9,15.9,0,1.4,0.7,NNW,17,10:49,11.7,86,7, ,Calm,1018.8,14.3,69,7,S,6,1016.8
133,14/06/2021,9.7,16.4,0,1.4,1.6,ESE,15,16:16,11,89,7,NNE,7,1018,15.9,57,6,SSE,6,1015.5
134,15/06/2021,7,15.6,0,0.8,0,N,24,17:27,8.5,89,7,NNE,7,1017.5,15,60,7,NNE,9,1014.5
135,16/06/2021,8.3,16,1.8,2.2,2.9,NNW,41,12:56,11.5,88,7,NNE,13,1011.4,15.4,60,7,N,15,1008.1
136,17/06/2021,7.8,12.9,0.8,1,2.6,N,20,7:03,9.4,83,7,N,9,1010.5,12.4,70,7,N,4,1008.8
137,18/06/2021,6.1,13.2,1.6,1.8,0.1,SSW,26,13:15,9.4,100,7,S,2,1012.6,12.5,98,7,SSW,9,1014.4
138,19/06/2021,9.1,16.2,2.2,1.6,4,SE,28,10:38,11.4,100,7,S,6,1024.5,13.4,86,6,SSW,13,1025.1
139,20/06/2021,5.2,14.5,0,0,6.9,SE,20,10:40,9.1,100,1,E,4,1027.8,13.8,69,2, ,Calm,1025.4
140,21/06/2021,3.9,15.4,0.2,0.4,9.1,N,26,12:22,6.3,94,1,NE,7,1028.7,14.6,51,1,N,15,1025.8
141,22/06/2021,3.7,16.3,0,2,1.9,NNE,28,13:37,5.6,91,7,NNE,6,1029.6,14.4,56,7,NNE,13,1026.2
142,23/06/2021,5.6,15.3,0,2.7,2.1,N,46,10:33,13.9,63,8,N,9,1019.4,14.8,67,7,N,17,1012.5
143,24/06/2021,9.8,16.7,0,1,5.2,N,41,12:07,12.6,85,1,N,6,1007.2,15.3,54,7,N,17,1004.9
144,25/06/2021,10.6,13.2,0.6,2.4,0.3,N,37,0:05,11,88,7,N,13,1010.3,12.6,94,7, ,Calm,1011.1
145,26/06/2021,10,13.4,5.6,0.2,4.6,NNW,28,22:26,10.5,79,3,W,9,1019.9,12.4,56,3,WSW,9,1020.1
146,27/06/2021,9.7,15.3,0,2.4,4.9,NNW,26,1:43,10.9,81,5,N,11,1025.9,13.6,75,5,SSW,9,1027
147,28/06/2021,6.4,15.1,0,1.4,9,NNW,24,12:27,7.8,97,1,NNE,7,1032.8,14.6,53,1,NNE,9,1031
148,29/06/2021,4.2,16.7,0,2.2,8.8,NNW,43,14:12,6.8,88,1,NE,2,1032.5,16.2,55,2,N,19,1029.4
149,30/06/2021,5.5,16.9,0,1.2,6.8,N,39,14:04,11.3,79,1,NNE,9,1026.8,16.8,57,1,N,19,1022.6
150,1/07/2021,10.5,17.2,0,1.4,8.9,NNW,35,12:17,12.3,86,1,N,11,1022.3,16.6,58,1,N,20,1019.1
151,2/07/2021,9.7,14.5,0.2,2.8,1.7,N,43,15:02,12.7,83,6,N,9,1014.6,14.4,72,7,N,22,1010.4
152,3/07/2021,6.6,10.6,6.6,2.8,4.5,N,43,13:45,7.9,75,5,N,19,1016.3,9.8,63,5,NNW,22,1014.9
153,4/07/2021,6.5,13.1,0.2,1.2,3.5,NNW,46,14:32,7.7,79,3,N,20,1016.4,12.2,67,7,NW,17,1015.3
154,5/07/2021,4.6,13.1,0.4,1.6,1.9,SSW,22,12:47,6.8,82,7,NE,9,1022.7,12.7,66,7,SW,7,1021.5
155,6/07/2021,6.7,13.2,0,1,0.6,NW,20,3:16,8.7,74,7,N,9,1023.4,12.9,55,7,NNW,11,1022.2
156,7/07/2021,6.8,13.1,0,0.8,2.2,,,,7.8,74,6,NE,9,1026,12,49,7,NW,6,1023.8
157,8/07/2021,,,,1.8,8.3,,,,,,2,,,,12,55,6,NE,9,1019.4
158,9/07/2021,2,12,,1,9,NNE,15,10:29,4.6,92,4,NE,4,1017.9,11,67,2,SSW,7,1015.7
159,10/07/2021,3.2,14.2,0,0.8,6.6,NE,15,10:33,5,100,7,NNE,6,1024.4,12.1,80,1,SSW,9,1024.4
160,11/07/2021,5,16.1,0,0.8,5.7,N,43,13:34,6.5,100,3,NNE,13,1025.9,14.4,52,7,N,20,1022.2
161,12/07/2021,5.9,16.1,0,3,5.1,N,50,12:55,11.4,71,7,N,13,1018.1,15.8,44,1,N,24,1013.6
162,13/07/2021,8.9,14.4,0.4,2.4,2.4,N,37,11:20,10.7,84,7,N,11,1014.2,13.8,69,7,N,19,1011.7
163,14/07/2021,9.8,13.9,2.2,3,0.5,N,44,5:56,10.3,84,7,N,13,1005,13.4,73,7,N,24,1000.8
164,15/07/2021,10,17.1,3,1.6,7,N,43,12:40,12.3,84,5,N,17,1000,16.4,67,4,N,22,996.6
165,16/07/2021,10.9,15.2,0.2,0.8,2.4,NNW,41,12:08,11.1,75,7,N,17,989.7,13.8,60,5,WNW,6,989
166,17/07/2021,7.6,13.7,0.2,2.8,0.8,NNW,33,7:56,8.7,67,7,N,13,992.8,13.2,66,7,W,11,996.7
167,18/07/2021,8.5,14.2,4.2,1,3,WNW,28,1:03,10.4,83,3,NW,9,1014.5,13,65,7,SW,7,1015.1
168,19/07/2021,9.1,13,0,1.8,2.9,NNW,31,14:00,10.4,72,7,N,13,1016.2,12.2,72,7,N,11,1012.5
169,20/07/2021,9.9,11.4,0.6,2.2,0.3,SW,54,17:18,10.8,80,7,N,13,1005.2,8.6,86,8,SSW,13,1007.4
170,21/07/2021,6.5,13.6,10.8,1.6,2.8,WSW,31,0:37,8.9,80,7,W,6,1020.5,12,69,6,WSW,7,1019
171,22/07/2021,5.1,11.8,0.6,2.6,0.1,NNW,46,14:11,7.8,88,7,N,17,1015.8,10.5,66,7,N,22,1010.7
172,23/07/2021,7.8,11.3,0,0.6,1.5,N,31,1:36,8.2,80,7,N,7,1006.8,10.9,64,7,N,13,1003.6
173,24/07/2021,7.5,14.4,0,1.4,3.4,NNW,48,14:46,9.5,78,7,N,19,998.2,13.9,53,5,NNW,19,995.3
174,25/07/2021,5.8,13,0.8,3.6,7.2,NNW,48,14:35,8.1,60,1,NW,19,1003.6,12.5,47,7,NW,13,1004.8
175,26/07/2021,8.1,16.4,0,1,2.9,NNW,43,10:41,12.4,75,7,N,13,1010.9,15.8,62,7,NNW,20,1009.7
176,27/07/2021,10.1,17.1,0,3.4,4.3,N,67,21:40,11.1,67,2,N,19,1011.1,16.4,48,7,N,26,1003.7
177,28/07/2021,11.1,16.8,0,5.4,4.7,NNW,50,5:28,14.3,70,6,N,13,998.2,12,65,7,WNW,11,998.4
178,29/07/2021,6.7,15.4,0.8,3.4,7.8,NNW,41,14:41,8.7,67,6,NNW,19,1013.5,14.9,52,1,NNW,17,1013.5
179,30/07/2021,8,14.9,0,2.6,6.4,N,61,22:32,9.9,59,1,NNE,19,1015.1,13.6,49,7,N,26,1011
180,31/07/2021,9.9,18.1,0,7,6.3,N,54,1:23,13.1,54,1,N,20,1006.1,17.1,48,6,N,22,1002
181,1/08/2021,8,15.7,18,6.8,9,NNW,30,12:08,11.1,72,1,NW,9,1010.6,14.6,42,3,W,9,1011.5
182,2/08/2021,6.5,15.4,0,2.8,9.1,N,50,13:45,10.2,67,1,NNE,15,1016.2,15.2,43,3,NNW,24,1011.5
183,3/08/2021,8.7,14.5,4.8,2.6,4.1,NNW,35,12:23,10.6,77,2,N,9,1008.1,13.3,53,6,WNW,15,1007.7
184,4/08/2021,7.8,14.5,0.6,1.8,3.4,WSW,31,12:09,10.2,78,7,W,11,1016,14.3,67,7,W,9,1015.5
185,5/08/2021,9.8,15.8,0.4,1.6,3.9,WNW,31,14:49,11.8,80,7,WNW,11,1021.7,15.2,63,7,W,15,1020.1
186,6/08/2021,10.7,14.2,0.2,2.2,0.6,NNW,28,20:22,12.1,74,7,WNW,9,1024.5,13.9,60,8,NW,13,1023.1
187,7/08/2021,10.5,15.5,0,1.6,2.4,NW,30,6:10,11.2,75,7,NW,11,1026.9,13.2,75,7,SSW,11,1026.4
188,8/08/2021,5.8,16.4,0.6,1.2,5.5,N,17,8:51,7.2,100,1,N,11,1032.6,14.6,58,7,S,6,1029.3
189,9/08/2021,7.1,16.4,0,2.8,2.7,N,30,13:56,9.1,82,7,NNE,9,1028.1,15.1,60,6,NNW,19,1023.3
190,10/08/2021,9.1,17.7,0,2.4,8.1,N,52,11:11,12.4,77,6,N,19,1022.4,17.5,45,6,N,24,1017.9
191,11/08/2021,12.4,19.2,0,7,3.6,NNW,54,13:44,14.4,47,5,N,28,1012.2,16.7,44,8,WNW,17,1009.8
192,12/08/2021,8.1,16.6,2.8,4.4,4.7,NNW,31,10:24,10.6,71,7,N,11,1025.2,15.4,50,7,W,13,1024.3
193,13/08/2021,8.1,17.6,0,1.2,10.1,NW,33,13:04,11.8,73,1,N,15,1026.9,17.1,44,3,W,9,1025.1
194,14/08/2021,6.9,18.4,0,3.4,7.8,NNW,31,15:01,10.9,78,1,N,11,1028.7,17.3,41,6,WNW,13,1025.1
195,15/08/2021,10.1,19,0,3,9.1,NNW,54,13:07,12.1,63,3,N,17,1024.1,18.3,31,2,W,22,1019.2
196,16/08/2021,11,14.4,0.2,6.6,2.8,WNW,44,12:45,12.2,70,7,WNW,13,1022.8,14.2,62,7,WSW,17,1022.8
197,17/08/2021,9.8,13.9,0.4,2,3.3,SSW,30,11:13,11,87,7,W,9,1025.5,12.7,79,7,S,15,1024.8
198,18/08/2021,7.6,15.5,0.6,1.8,1.8,N,24,14:41,10.4,82,7,NW,9,1026,15.1,53,7,N,13,1021.9
199,19/08/2021,8.2,17.4,0,2.6,8.3,N,31,15:18,11.6,72,5,N,13,1023.3,16.7,50,2,N,17,1019.3
200,20/08/2021,8.7,17.3,0.8,3.6,3.2,N,50,14:27,11.3,80,6,NNE,11,1016.7,16.7,51,3,N,28,1012.1
201,21/08/2021,10.6,20,1,3.6,10.2,NW,33,11:24,13.9,64,0,NNW,13,1015.3,18.9,44,4,NW,13,1013.8
202,22/08/2021,11.3,22.2,0,4,10.6,N,57,14:54,14.6,62,1,N,20,1014.5,21.6,37,1,NNW,37,1007.8
203,23/08/2021,10.8,14.3,0.8,7,5.4,NW,50,0:12,11.2,67,3,WSW,11,1011.1,11.7,54,5,WSW,9,1012.2
204,24/08/2021,6.4,13.1,10.4,4,6.2,S,39,9:38,10.8,53,7,SSE,17,1021.5,11.7,55,6,S,17,1021.6
205,25/08/2021,8,14.1,2.2,1.2,5.4,S,37,16:26,12.1,73,3,SSE,15,1023.3,13.4,59,6,SSW,17,1021.8
206,26/08/2021,5.5,12.9,1.2,2.4,1,SE,31,12:54,9.2,82,7, ,Calm,1022.7,12.2,55,7,SSE,13,1020.3
207,27/08/2021,4.6,13.6,0,1.2,3.8,SSW,15,12:18,7.7,88,7, ,Calm,1020,12.8,65,7,SSE,7,1017.4
208,28/08/2021,5.3,17.8,0,1.6,9.6,N,39,13:14,9.1,80,1,N,7,1018.6,17.4,31,3,NNW,24,1013.5
209,29/08/2021,9.1,16.2,0.6,6.4,4.3,NNE,33,1:50,10.6,79,7,N,13,1011.4,12.8,84,7,S,6,1010.4
210,30/08/2021,6.4,17.6,4,1.4,7.4,NNW,50,14:04,11.1,70,7,N,15,1016.1,16.8,45,1,NNW,28,1013.2
211,31/08/2021,11,20.1,0,5.8,3.6,N,61,16:29,13.5,53,7,N,17,,19.4,43,6,N,30,1012.2
212,1/09/2021,9.8,23.5,0,6.6,10.7,N,35,15:01,15.3,56,4,NE,7,1023.8,23.2,36,7,N,19,1021.5
213,2/09/2021,15,26.6,0,7.6,10.8,N,65,12:18,21.8,34,0,NNE,17,1020.1,26.4,23,0,N,28,1013.6
214,3/09/2021,20.1,23,0,12,2.5,N,57,9:29,21.7,46,7,N,35,1012.3,17.1,86,8,NNW,9,1012.2
215,4/09/2021,10.1,14.1,38.2,4.4,4.1,S,43,22:51,11.7,87,7,S,9,1019.6,13.2,59,6,S,17,1018.8
216,5/09/2021,8.3,13.6,9.6,4.4,6.4,SSW,39,4:42,10,88,7,WSW,9,1022.4,12.4,72,7,S,13,1022.2
217,6/09/2021,9.1,15.5,1,1.8,10.4,SSW,33,3:58,11.9,67,2,SW,9,1030.9,14.8,51,1,S,9,1030.1
218,7/09/2021,10.5,16.2,0,3.2,4.9,S,31,15:41,13,73,7,WSW,13,1030.6,13.3,80,6,S,15,1030.4
219,8/09/2021,9.7,20.8,0,1.4,11,NNW,41,17:10,12.4,63,0,N,11,1031,19.9,48,1,N,20,1025.8
220,9/09/2021,12.2,25.8,0,5.2,8.5,N,52,8:13,14.6,58,7,N,28,1022.7,24.7,26,6,NNW,20,1016.2
221,10/09/2021,11.4,18.8,0,6.2,2.9,N,39,22:01,13.3,62,7,WNW,6,1023.3,17.2,48,7,N,13,1019.2
222,11/09/2021,13.2,22.8,0,6.4,1.1,N,46,6:44,16.7,41,7,N,20,1006,22.6,33,7,WNW,15,1002.9
223,12/09/2021,10.3,16.2,0,5.2,7.3,WSW,39,2:11,12.4,51,1,NW,17,1005.9,11.7,62,7,S,11,1005.6
224,13/09/2021,7.1,14.3,5.6,3.6,9.1,S,37,9:59,12.2,70,7,S,6,1019.3,13.1,59,4,SSW,19,1021.4
225,14/09/2021,5.5,14.1,0.2,2.4,8.5,SSW,31,14:41,11.1,74,3,N,2,1027.8,13.4,57,5,SSW,17,1025.8
226,15/09/2021,5.3,15.9,0.2,3,10.8,SSE,31,10:40,10.7,69,1,ESE,6,1027.6,14.4,48,2,SSW,17,1024.5
227,16/09/2021,4.5,16,0,3.4,9.1,SSW,19,13:07,9.6,72,2, ,Calm,1024.6,14,65,5,S,9,1020.6
228,17/09/2021,7.1,22.2,0,3.6,5.8,N,59,11:41,15.9,50,1,N,13,1015.1,20.2,39,3,NNE,24,1008.2
229,18/09/2021,12.1,16.2,0.8,5.4,9.3,W,50,13:24,14.1,50,1,WNW,15,1012.9,15.7,39,5,WNW,19,1014
230,19/09/2021,8.7,18,0.8,5.8,2.6,NNW,54,15:41,10.7,68,7,N,22,1017.4,17,46,7,NNW,24,1012.9
231,20/09/2021,10.7,13.8,0.4,5.6,6.6,W,50,13:35,12.4,51,4,WNW,17,1011.9,10.3,62,7,WNW,17,1011.7
232,21/09/2021,6.3,13.2,8,3,3.5,SSW,43,12:05,7.9,84,4,W,11,1025.2,12.3,54,7,S,11,1026.4
233,22/09/2021,7.9,17.8,0.2,0.8,6.2,W,26,0:07,12.5,79,7,SW,7,1026.7,16.4,63,3,SSW,13,1023.6
234,23/09/2021,10,21.5,0,2.8,11.4,NNW,35,16:27,12.7,80,2,WNW,6,1020.2,19.9,42,1,S,7,1014.5
235,24/09/2021,11,18.8,0,7.6,9.1,NW,50,10:32,16.1,51,1,NNW,13,1009,17.3,40,5,WNW,17,1007.7
236,25/09/2021,7.1,12.8,0,4.6,5.9,S,37,15:01,9.6,65,3,WSW,11,1020.7,11,55,6,SSW,17,1022.7
237,26/09/2021,5,15.4,0.2,2.4,9.7,SSW,31,14:48,11.8,57,1,SE,7,1028.2,14.1,52,1,SSW,17,1024.8
238,27/09/2021,5.1,19.4,0,3.8,11.2,N,43,9:17,13.1,55,5,NNE,9,1023.1,18.5,36,5,N,15,1018.2
239,28/09/2021,7.7,23,0,6,9.1,SE,24,17:56,14,52,7,NNE,11,1018.2,22.2,31,7,NNE,9,1014
240,29/09/2021,12.6,19.3,0,5.2,0.8,SE,33,17:37,13.7,77,7, ,Calm,1015.2,18.7,60,7,S,7,1011.1
241,30/09/2021,13.1,18.1,3.4,2,0.4,NNW,24,19:50,15.9,93,7, ,Calm,1008.5,15.2,100,8, ,Calm,1004.5
242,1/10/2021,13.6,22.2,21.8,2.8,5.8,SSE,30,16:25,17,72,7,NNE,13,1005.4,20.5,51,5,SSE,7,1002.7
243,2/10/2021,13.4,17.2,11.6,3,3.5,SW,28,14:19,13.7,100,7,S,13,1006.6,16.7,77,6,SSW,13,1005.2
244,3/10/2021,12.6,22,0,1.4,5.9,NNW,35,16:57,13.9,88,4,N,9,1004.6,21.2,48,7,NW,11,999.3
245,4/10/2021,11.8,18.1,1,3,8,W,63,13:24,13.1,63,7,N,15,999.4,13.6,55,4,NW,13,999.3
246,5/10/2021,11.5,17.4,2.2,5.4,5.7,NNW,54,0:31,12,61,7,W,15,1008.1,15.8,50,4,SW,15,1011
247,6/10/2021,8.2,21.6,0.2,4.4,8.6,NNW,39,14:34,12.4,68,1,N,11,1014.8,21.3,37,5,NNW,19,1009.8
248,7/10/2021,9.4,16.4,4,6.2,10.3,W,43,2:59,11.1,67,1,W,11,1012.6,15.3,44,7,SW,13,1014
249,8/10/2021,7,20.8,0,4,11.7,N,44,13:18,11.5,69,7,N,9,1017.2,19.5,38,7,NNW,22,1013.3
250,9/10/2021,11.5,24.8,0,7.2,8.1,N,43,14:28,16.2,52,7,N,19,1012.2,23.6,33,6,NNW,19,1008.8
251,10/10/2021,10,14.9,2.2,5.4,7.6,SSW,39,13:27,11.6,76,7,SW,11,1014.5,14.7,51,6,SSW,17,1012.9
252,11/10/2021,7.4,14.4,0.4,4,4.4,SSW,33,8:46,9.8,77,5,WSW,11,1019.5,12.9,57,5,S,17,1018.9
253,12/10/2021,5.5,21.3,0,2.8,9.9,ENE,20,12:03,10.2,69,0,NE,9,1018.1,18.4,44,6,SSW,7,1013.9
254,13/10/2021,9.9,18.8,0,3.6,3.1,SW,43,21:18,14.1,68,7,NNE,11,1011.8,18.3,56,7,NNE,17,1007.4
255,14/10/2021,8.2,19.4,14.8,6.2,10,N,39,9:16,11.7,75,1,N,9,1006,18.1,37,6,NNW,9,1003.5
256,15/10/2021,9.3,17.1,0.6,4.6,5,W,44,12:56,12.2,76,4,WNW,7,1004.1,12.8,76,7,WNW,11,1001.7
257,16/10/2021,11.1,16,26.4,1.6,3.4,SSW,54,4:56,12.4,82,7,WSW,11,1009,14.5,69,7,S,19,1010.4
258,17/10/2021,10.8,17.4,0.4,4.8,5.6,S,24,13:31,12,68,7,WNW,9,1015.3,16.8,49,7,SSW,9,1013
259,18/10/2021,9.9,16.9,0,2,0.9,SSW,35,20:15,15.5,57,8,WNW,9,1013.3,16.1,59,8,S,11,1013.6
260,19/10/2021,9.2,16.4,0.8,2.6,5,S,35,14:44,12.7,68,7,SSW,13,1022.5,14.6,70,7,SSW,15,1022
261,20/10/2021,8.4,23,0,3.2,12,SE,22,23:05,13.1,78,2,NNE,9,1021.8,21.1,51,2,SSW,13,1017.2
262,21/10/2021,13.1,25.8,0,5.2,3.2,NNW,39,13:17,17.4,65,7,NE,4,1015.1,25,39,6,N,15,1012.8
263,22/10/2021,13.7,27.3,0,4.6,6.1,N,41,10:43,18.1,69,1,NE,2,1015.3,26.5,40,7,NNW,15,1011.1
264,23/10/2021,12.7,16.1,14.6,7.6,0,SSW,39,22:51,13.5,93,8,SSW,9,1015,13.5,83,8,SSW,11,1016.8
265,24/10/2021,10.1,15.3,2,1.8,7.2,SW,41,8:30,12.5,54,6,S,13,1022.5,14.5,49,7,S,19,1022.2
266,25/10/2021,10.4,15.2,0.8,4.4,5.1,SSW,39,12:51,12.1,63,7,SSW,13,1021.7,14.3,54,6,S,19,1020.9
267,26/10/2021,6.3,18.1,0,2.2,11.7,SSW,24,14:33,11.8,70,1,NE,6,1021.4,17.4,53,1,SSW,15,1017.9
268,27/10/2021,9.4,27.2,0,4.8,10.9,NNW,46,14:18,15.5,67,1,NNE,13,1015.5,25.1,29,6,N,20,1012
269,28/10/2021,15.4,28.3,0.2,9.2,5.4,NE,50,21:49,16.9,77,7, ,Calm,1010.5,27.5,40,7,N,11,1003.1
270,29/10/2021,11.3,15.5,5,8.2,6.4,N,76,5:13,12.4,69,7,W,15,1002.5,13.3,63,6,SW,13,1011.1
271,30/10/2021,7.3,15.9,1,4.2,7.8,SSW,35,14:11,11.9,60,1,WSW,9,1021.3,15.5,49,6,SW,13,1021
272,31/10/2021,6.7,19.6,0.4,2,12.9,NW,22,11:22,12.2,68,1,W,7,1026.7,18.4,47,1,S,13,1023.4
273,1/11/2021,8.7,23.2,0,4.6,12.5,SSW,26,15:16,14.7,67,4,ENE,6,1024.6,20.2,52,4,SW,13,1022.3
274,2/11/2021,11.1,29.7,0,6,12,NNW,43,13:53,16.5,70,1,NNE,9,1023.1,28.5,32,4,N,24,1018.4
275,3/11/2021,16.5,25.1,0,12.6,0.1,NNW,52,9:39,23.8,42,7,N,20,1015.3,19,88,8,NNE,11,1016.8
276,4/11/2021,13.5,17.5,45.4,3,8.3,SSW,39,15:24,14.9,73,7,SSE,9,1025.8,17.4,72,1,SSW,19,1025
277,5/11/2021,13.3,22.9,0,3.8,7.9,SSW,24,14:09,17.2,79,7, ,Calm,1021.7,21.5,70,2,SSW,9,1016.1
278,6/11/2021,16.6,27,0,5.4,4.3,N,43,7:44,21.3,69,6,N,22,1009.4,25.6,55,7,NNW,24,1004.5
279,7/11/2021,12.9,16.5,15.4,5.2,0,SSW,28,2:22,13.7,83,7,SSE,9,1010.7,15.4,65,7,SSW,13,1009.9
280,8/11/2021,12,17.4,0.2,2.4,7.9,SSE,28,10:53,13.2,69,7,SSE,9,1012.5,16.5,41,5,SSW,13,1012.7
281,9/11/2021,8,20.3,0,4.2,9.2,SSW,22,12:23,14.2,63,1,NNE,6,1013.4,19.2,41,7,SSW,11,1011.7
282,10/11/2021,11.7,15.2,10,5,2.3,SSW,26,6:04,11.9,98,8,S,7,1011.4,13.6,67,7,SW,7,1010
283,11/11/2021,8.7,16.4,10,2.6,6.9,SSW,39,13:35,12.1,78,6,SW,7,1010.4,15.6,49,7,S,19,1005.9
284,12/11/2021,11,14,1,4.4,0,SSE,50,14:35,12,83,8,SSE,15,997.4,13,91,8,SSE,19,997.2
285,13/11/2021,10.3,14.6,10.4,5.8,2.2,SSW,46,12:13,12.2,86,8,S,15,1004.2,12.3,70,7,SW,13,1006.5
286,14/11/2021,7.6,15.3,1.6,1.2,8.8,NW,46,12:56,11.9,62,3,NNW,22,1004.3,11.8,69,7,WSW,13,1002.5
287,15/11/2021,8.7,13.8,1.6,5,6,WNW,41,0:31,11.6,60,6,WSW,9,1009.3,12.4,57,6,S,13,1011.6
288,16/11/2021,8.2,15,0.2,4.4,1.2,SSW,28,9:13,11,70,7,WSW,6,1019.4,13.8,60,7,S,13,1020.8
289,17/11/2021,10.1,19.8,0,1.2,8.2,SSW,22,12:38,13.3,57,7,SE,7,1023.7,16.5,51,5,S,13,1020.7
290,18/11/2021,10.9,26.9,0,5,5.2,N,67,15:02,19.7,41,7,N,24,1013.2,24.9,36,5,N,30,1006.4
291,19/11/2021,13.1,17.3,0.2,9.2,2.1,S,31,0:46,15.5,60,7,SSW,13,1014.3,16,59,7,S,13,1013
292,20/11/2021,13,16.9,0,3.4,7.6,SSW,35,13:30,14.6,63,7,SSW,7,1015.2,15.8,45,4,S,20,1015.4
293,21/11/2021,11.8,17.2,0,5.4,9.1,SSW,39,15:00,14.2,60,7,S,11,1020.4,16.9,59,2,S,19,1020.2
294,22/11/2021,10.2,20.8,0,5,11.4,SSW,24,16:02,15.8,65,3,SE,7,1022.7,18.8,62,7,SSW,13,1019.8
295,23/11/2021,14.7,26.1,0,6.8,2.4,N,43,8:31,20.7,49,7,N,24,1016.7,24.6,47,7,N,17,1014.4
296,24/11/2021,17.5,26.6,0,5.6,4.4,S,30,23:49,22.7,68,6,N,15,1013.5,25.4,45,6,SSW,13,1011.3
297,25/11/2021,15.4,16.7,0,4.2,0,SSW,31,14:00,16.1,87,8,S,7,1013.5,14.7,89,8,S,13,1012.9
298,26/11/2021,13,20.6,0.6,0,2.8,SE,50,10:56,15.9,91,8,SSE,13,1016.2,19.6,50,7,SE,24,1017.3
299,27/11/2021,11.4,21.6,0,5.8,12.8,SSE,46,9:05,15.4,58,1,SE,22,1023.8,20.7,39,3,ESE,20,1021.3
300,28/11/2021,9.8,22.1,0,7,12.1,SSW,30,17:05,15.5,59,2,N,4,1024.3,20.1,47,1,SSW,13,1020.1
301,29/11/2021,10.1,28.7,0,6.4,12.5,NNW,26,10:10,16.7,63,0,NE,7,1018.6,25.7,45,3,SW,11,1014.8
302,30/11/2021,14.4,31.6,0,8,13.6,N,31,9:41,22,50,0,NNE,11,1015,30.6,23,4,NNE,13,1011.2
303,1/12/2021,18.5,32.4,0,11.4,5.2,WSW,43,15:17,23.3,48,7,NNE,11,1012.4,30.5,34,4,N,13,1010.6
304,2/12/2021,18.4,33,11.8,12.2,8.8,S,41,19:11,25.6,43,5,N,13,1013.7,23.3,70,7,SW,9,1010.8
305,3/12/2021,13,20.4,8.8,7,11.7,S,33,17:39,15.9,66,1,SSW,9,1020,19.2,53,4,SSW,13,1018.7
306,4/12/2021,12.5,18.8,0,6.8,2.7,SSE,37,14:03,15.1,59,6,WSW,9,1019.6,17.3,64,7,S,19,1019.4
307,5/12/2021,10.2,21.5,0,3.4,13,WSW,30,13:12,14.8,47,1,SE,13,1022.2,18,56,6,SSW,15,1018.9
308,6/12/2021,12.8,27.4,0,7.6,10.8,N,46,8:24,21.3,42,3,N,24,1014.1,26.5,40,6,N,24,1010
309,7/12/2021,15,16,0.6,8.6,0.1,SSW,33,11:16,15.4,75,8,W,11,1012.4,15.6,62,7,S,13,1014.5
310,8/12/2021,10.7,17.3,2,3,8.7,S,43,15:07,15.5,53,7,SSE,17,1018.1,16.6,48,2,SSW,20,1017.7
311,9/12/2021,12.2,17.7,1.8,5,0.2,SE,43,11:08,15.1,74,7,SSE,13,1017.5,16.8,65,8,SSE,19,1017.4
312,10/12/2021,13.5,17.9,0,2.2,6.2,S,43,16:43,16.1,70,7,SSE,11,1017.8,16.2,67,7,SSW,20,1016.9
313,11/12/2021,12.6,22.4,0,4.6,8.6,SE,35,18:54,16.7,65,5,SE,13,1018.9,21.5,47,7,SE,17,1016.8
314,12/12/2021,10.4,28.7,0,6.2,13,ESE,28,18:27,16.3,63,1,NE,6,1017.9,26.4,33,1,ENE,9,1013.5
315,13/12/2021,15.3,32.7,0,8,8.3,SSW,50,18:08,24.7,38,1,N,22,1011.9,31.4,26,6,NNW,11,1009.6
316,14/12/2021,15.9,21,0,10.4,11.2,SSW,31,15:54,18.5,65,7,S,7,1015.6,20,64,1,SSW,17,1013.7
317,15/12/2021,15.2,17.7,0,6,0,SSW,28,14:27,16.8,85,8,SW,9,1013.4,16.7,72,8,S,13,1014.9
318,16/12/2021,12.8,19.9,0,3,11.4,SW,33,16:15,15.9,77,7,SSW,13,1017.5,18.6,56,1,SSW,17,1017
319,17/12/2021,9.9,30.8,0,6.8,10.2,NNE,30,14:34,16.9,59,1,N,7,1014.4,29.3,30,6,SSW,7,1009.3
320,18/12/2021,16.6,33.5,0,12.8,11,N,46,8:51,28.2,32,4,N,15,1004.1,21.5,64,4,S,22,1007.2
321,19/12/2021,15.2,23.1,0,8.6,4.2,SW,65,13:47,18.5,82,7,NNE,9,1001.8,15.4,82,7,W,20,1004.5
322,20/12/2021,12.2,28.6,1.8,6.8,12.9,NNW,39,7:26,16.7,50,1,NW,15,1014.2,26.8,35,3,NNW,15,1011.8
323,21/12/2021,15.3,24.9,0,7.8,13.1,S,31,18:57,17.3,64,6,WSW,9,1015,24,49,1,SSW,9,1012.1
324,22/12/2021,15.8,19.8,0,7.6,6.2,S,28,11:16,16.6,72,7,S,11,1015.6,18.7,57,7,SSW,15,1014.1
325,23/12/2021,13.8,19.9,0,5.8,8.7,SSW,31,12:53,15.8,58,7,SE,11,1015,18.6,56,4,SSW,13,1014.7
326,24/12/2021,11.9,26.4,0,6.4,13.1,SSW,26,21:26,17.7,62,1,SSE,4,1015.2,23,55,1,S,13,1012.3
327,25/12/2021,16.9,21.7,0,6.8,6.1,SSW,39,16:42,17.8,70,7,S,9,1016.8,20.5,60,2,S,15,1015.7
328,26/12/2021,15.1,18.8,0,8,2.7,S,39,18:35,15.6,66,8,SSE,13,1020.3,18.1,54,7,S,17,1020.1
329,27/12/2021,13.9,23.3,0.2,5.8,9.7,ESE,43,19:01,15.6,64,7,SSE,15,1022.7,22,39,5,SE,19,1019.5
330,28/12/2021,11.4,22.6,0,8,11.9,SSW,41,14:46,15,62,1,N,7,1021.9,21.8,49,2,SSW,15,1018.5
331,29/12/2021,11.9,22.4,0,8,13.7,SSW,30,16:33,17.6,68,3,W,6,1019.6,21.6,59,1,SSW,9,1016.5
332,30/12/2021,14,34.4,0,6.8,12.4,SSW,28,17:55,16.7,76,1,NNE,7,1015.6,29.4,41,1,WSW,7,1010.8
333,31/12/2021,16.6,37.7,0,11.4,12.8,NNW,46,10:51,27.5,42,0,N,9,1010.1,36.2,19,1,NNW,19,1007
334,1/01/2022,20.5,37.1,0,16.4,8.5,NNW,33,8:08,29.9,27,4,N,19,1007.9,25,51,7,SSW,13,1006.3
335,2/01/2022,20.9,30.9,0,11.6,8.6,SSW,43,15:44,24.3,47,7,S,4,1007.1,24.3,55,3,SSW,20,1007.9
336,3/01/2022,16.8,20.3,0,10,10.5,S,41,12:30,18.8,57,6,SSE,11,1013.6,19.7,53,1,SSW,19,1013.2
337,4/01/2022,16.2,23.1,0,7.6,0.5,SSE,43,20:06,18.5,73,8,S,9,1013.2,20.8,73,8,SW,9,1012.1
338,5/01/2022,18.5,29.3,0,1.8,5,NE,37,14:22,22.9,71,7,SE,7,1009.6,28.1,51,7,E,13,1007.6
339,6/01/2022,18.3,30.2,0,6.6,9.9,NNW,39,13:53,22.9,62,4,NNE,6,1010.2,23.1,73,7,WNW,11,1007.6
340,7/01/2022,20.1,25.8,1.4,7.8,5.2,WSW,28,12:30,23.6,59,6,NNE,11,1008.1,23.5,83,5,W,4,1007.1
341,8/01/2022,17.1,19.7,24.8,5,4.8,SSW,28,13:14,17.3,98,8,S,11,1013,18.8,79,7,S,13,1014
342,9/01/2022,16.1,21.9,0,2.4,9.7,SSW,30,16:34,16.8,69,7,SE,6,1016.2,20.3,61,1,SSW,13,1015.6
343,10/01/2022,15.5,31.4,0.2,6.8,10.9,SSW,31,12:46,18.6,76,5,NE,9,1017.9,28.3,57,2,SSW,9,1016.2
344,11/01/2022,18.5,29.7,0,8,10.8,SSW,35,14:06,21.4,69,7,S,6,1020.7,24.8,64,6,S,13,1019.6
345,12/01/2022,18.6,30.4,0,7.6,11.7,SSE,35,15:40,22.4,65,,ESE,13,1021.5,29.2,45,4,SE,13,1017.7
346,13/01/2022,17.6,34.6,0,8.2,9.8,N,35,17:46,23,59,1,NNE,6,1016.3,33.1,28,3,NE,9,1009.9
347,14/01/2022,20.8,32.8,0,10.4,8.9,NNE,35,14:08,23.7,78,7, ,Calm,1005.6,30.4,44,7,NNW,20,1001.7
348,15/01/2022,18.8,24.2,6,9,5,SSW,30,17:08,19.7,70,8,WSW,9,1004.4,23.3,66,7,SSW,11,1005.6
349,16/01/2022,18.3,31.9,0,5.8,11.6,S,24,14:10,20.1,60,1,SE,4,1009.4,25.3,55,1,SSW,13,1006.6
350,17/01/2022,18.4,24.2,0,8,7.3,S,33,16:19,18.7,72,7,W,7,1010.7,22.9,51,3,SSW,13,1010.8
351,18/01/2022,17.1,21.3,0,7.6,6.1,SSW,39,14:20,18.3,58,7,SSE,9,1016.5,20.3,53,6,S,17,1016.7
352,19/01/2022,15.4,26.7,0,7.2,13.6,SE,52,16:10,21.1,59,1,SE,11,1021.1,25.4,43,1,SE,24,1021.3
353,20/01/2022,12.9,30.4,0,10,13.6,ESE,31,23:26,18.8,57,0,NNE,4,1027.7,27.1,39,1,SSW,9,1024.9
354,21/01/2022,17.1,29.6,0,8.8,13.5,NNW,33,6:39,22.6,43,0,N,11,1028.1,28.3,42,1,SSW,11,1023.9
355,22/01/2022,17.7,32.3,0,12,13.3,SSE,35,17:57,24.3,45,1,N,13,1023.2,30.7,35,1,SW,13,1018.2
356,23/01/2022,18.1,32.6,0,11.4,11.9,S,26,14:08,25,49,2,N,9,1016.6,31.6,31,7,S,13,1012.5
357,24/01/2022,20.2,33.7,0,10.8,10.6,SE,31,17:40,25.3,52,6,NNE,9,1011.4,32.3,36,3,SSW,9,1007.3
358,25/01/2022,20.1,31.4,0,10,12.8,S,30,13:05,25.2,58,3,N,2,1009,27.4,60,1,SSW,15,1007.2
359,26/01/2022,19.6,36,0,9.2,10.5,NW,46,19:32,24,67,1, ,Calm,1010,35.2,35,2,WSW,6,1006.1
360,27/01/2022,21.2,32.8,7,13,9.7,NNW,52,15:24,21.8,93,7,N,17,1009.5,30.9,47,1,N,22,1006.4
361,28/01/2022,21.7,32.8,1.6,13.2,4.6,S,43,13:04,27.9,59,6,N,15,1008.8,21.1,100,7,S,17,1010.7
362,29/01/2022,17.5,21.8,38.6,5.4,0.3,S,30,14:12,18.8,96,7,SSE,7,1017.5,21,70,7,S,17,1017
363,30/01/2022,18.7,29.2,0,3,6.2,SE,30,17:26,21.3,76,7,N,4,1015.4,25.8,64,6,S,13,1012.3
364,31/01/2022,20.1,34,0,4.4,10.9,NW,22,1:52,22.7,78,4,SSE,6,1009.2,31.4,54,5,WNW,6,1003.8
365,1/02/2022,19.8,23.6,0,9.6,8.4,SSW,50,18:28,20.5,73,3,SW,9,1003.4,22,62,6,S,17,1003.3
366,2/02/2022,14.9,19.9,3.2,8.6,1.1,S,41,23:32,16.4,53,4,S,11,1011.7,19.2,47,7,SSW,15,1012.4
367,3/02/2022,13.3,18.2,1.2,4.2,2.2,SSW,39,9:20,16.7,53,7,S,15,1014.9,17.1,56,7,SSW,19,1016.4
368,4/02/2022,11.6,24.5,0.2,2.6,12.5,SSE,39,16:46,17.8,61,1,SE,9,1021.6,22.8,42,4,S,13,1019.7
369,5/02/2022,13.3,26.8,0,7.6,13.2,SSE,37,16:58,17.7,69,1, ,Calm,1022.4,23.9,40,2,SSW,13,1020.5
370,6/02/2022,14.1,27.9,0,8.2,12.9,SW,33,15:48,18.6,64,1,NNE,2,1025.2,25.9,42,4,SSW,15,1023.2
371,7/02/2022,14.7,28.6,0,8.2,13.1,SSW,33,14:30,20.3,58,1,NE,7,1024.7,27.2,40,1,S,13,1020.2
372,8/02/2022,15.4,30.5,0,10.8,12.1,N,33,9:21,20,60,1,NNE,9,1016.4,30,31,3,NE,6,1011.3
373,9/02/2022,19.1,30.9,0,9.2,4.4,SSW,39,17:38,22.8,43,8,N,15,1008.8,30.1,32,6,S,7,1006.5
374,10/02/2022,17.3,22.7,0,5.2,6.8,S,39,18:52,19.5,69,7,SW,9,1014.5,21.9,54,4,S,15,1015.8
375,11/02/2022,15.9,21.4,0,7.6,9.2,S,39,14:54,18.9,59,4,SSE,13,1022,21,46,5,S,17,1021.1
376,12/02/2022,15.7,28.3,0,6.4,12.4,SSE,33,17:39,18.7,68,1,ESE,6,1020.3,26.6,47,2,SSW,7,1017.1
377,13/02/2022,17.1,32.1,0,8.6,9.1,NNW,54,9:18,23.5,50,4,NNW,20,1016.9,30.3,34,7,NNW,20,1014.6
378,14/02/2022,17.8,31.6,0,12.6,12.2,NW,46,10:15,23.4,46,3,SSW,2,1019.8,22.4,69,1,SSW,19,1019.8
379,15/02/2022,17.9,22.5,0,9.8,6.7,SSW,28,17:48,18.4,74,8,SSE,9,1024.6,21.3,61,3,SW,9,1022.7
380,16/02/2022,16.4,25.8,0,5.6,2.4,SSW,19,11:50,18.5,75,7, ,Calm,1016.2,22.1,69,7,S,7,1012.2
381,17/02/2022,17.1,24.3,0,4,2.4,S,28,18:48,17.8,73,7,WSW,7,1012.6,22.6,53,7,S,13,1011.4
382,18/02/2022,15.4,21,0,5.8,7.3,SSW,41,11:28,16.9,68,7,WSW,9,1014.8,19.2,55,7,S,13,1017.4
383,19/02/2022,13.3,21.9,0.6,6.2,12.4,SSW,26,11:58,17.8,52,1,SE,9,1021.1,20.8,48,1,SSW,11,1017.7
384,20/02/2022,12.7,23.8,0,7.2,5.6,SSW,39,22:47,16.1,70,6, ,Calm,1008.7,21.8,66,7,SSW,13,1004.7
385,21/02/2022,13.7,20.3,1.6,5.8,11.3,S,35,23:25,16.3,65,1,SW,9,1012.4,19.1,45,6,S,13,1013.8
386,22/02/2022,13,22.5,0,6.4,12.5,SSW,30,15:18,16.1,58,1,S,11,1017.9,21.4,55,1,SSW,17,1016.3
387,23/02/2022,15.1,32,0,6.4,9.4,SSE,31,17:24,19.8,69,2, ,Calm,1018,30.1,41,5,SSW,9,1014.9
388,24/02/2022,19.3,22.7,0,6.8,2.9,S,37,17:09,20.6,87,7,SSW,9,1019.2,21.7,72,7,S,17,1018.3
389,25/02/2022,18,21.7,0,4.8,5.8,SSW,37,16:53,18.4,67,8,SSE,7,1020.5,20.5,65,3,SSW,19,1018.7
390,26/02/2022,18.4,29.1,0,4.8,10.8,SE,35,18:08,19.8,74,5,ESE,7,1018.2,28.2,45,3,SE,11,1015
391,27/02/2022,16.3,25.6,0,5.8,3.4,S,26,15:40,19,84,7, ,Calm,1015.8,23.8,61,7,SSE,9,1013.2
392,28/02/2022,18.9,23.9,0,4.8,3.7,SSW,26,20:05,19.9,78,8,SSE,6,1014.3,22.3,71,6,SSW,7,1012.8
393,1/03/2022,19.8,25.8,0,3.8,1.1,N,20,21:58,21.1,87,7,SSE,4,1012.1,23.8,76,7,W,2,1011.1
394,2/03/2022,19.7,29.6,6,0.6,4.4,SSE,22,16:38,21,87,7,NNE,6,1013.4,27.6,49,6,S,4,1011.4
395,3/03/2022,17.5,30.5,0,3.6,12.1,SW,24,16:26,21.3,79,0, ,Calm,1014,28.3,46,1,SSW,9,1012.3
396,4/03/2022,18.3,32.5,0,8,5.3,NNW,28,10:02,21.6,72,6,NNE,7,1011.8,32.1,37,7,NNW,13,1008.6
397,5/03/2022,17.3,22.2,37.8,10,1.5,SSW,37,15:06,17.5,94,7, ,Calm,1006.9,21.1,77,7,SSE,13,1007.5
398,6/03/2022,16.6,21.8,4.8,3.2,1.3,ESE,46,14:14,17.4,80,8,S,15,1016,20.4,67,7,SE,20,1016.4
399,7/03/2022,15.9,23.1,0,2.8,8.1,SSE,37,1:10,18.4,72,2,ESE,6,1015.6,22.2,64,4,SW,13,1013
400,8/03/2022,15.4,20.7,2,5.8,3.3,SSE,39,11:18,17.4,70,7,SSE,17,1018.4,18.9,69,7,S,17,1017.8
401,9/03/2022,14.6,22,0,4,11.1,S,43,16:00,16.5,64,1,SE,17,1021.1,20.9,45,4,S,20,1019.6
402,10/03/2022,11.8,20.4,0,6.6,11.6,S,37,14:20,16.2,69,1,SSE,9,1021.9,19.9,56,3,SSW,15,1020.6
403,11/03/2022,12,20.3,0,4.6,4.4,SSW,31,16:37,16,72,7,NE,6,1021.2,19.9,52,6,SSW,11,1020
404,12/03/2022,11.7,22.6,0,3.4,10.7,S,28,14:49,14.2,77,7, ,Calm,1022.7,20.8,57,1,S,13,1021
405,13/03/2022,14,29.8,0,5.8,11.6,NNW,43,11:48,16.5,79,1,NNE,7,1020.9,28.7,40,3,NNW,17,1018.3
406,14/03/2022,16.4,28,0.4,5,9.3,SSE,31,15:58,18.3,99,5, ,Calm,1021.2,25.6,64,6,SW,9,1018.7
407,15/03/2022,18.3,27.5,2,6.2,3.6,NNW,31,10:16,20.3,78,2,NNE,7,1019.8,24.8,57,7,SSW,13,1018.2
408,16/03/2022,18.9,23.2,0,3.6,1.7,NNE,41,10:29,19.9,78,7,N,9,1018.8,22.2,58,7,N,19,1016.4
409,17/03/2022,17.7,29.2,0,4.6,5,N,33,9:28,20.9,67,7,NNE,6,1015.2,27.8,53,5,NNW,11,1013
410,18/03/2022,19.1,21.7,0,5,2,S,31,13:14,19.8,76,7,SSW,7,1020.7,20.8,67,7,SSW,13,1020.7
411,19/03/2022,13.5,30.3,0,3.2,10.7,NNW,30,14:11,16,80,1,NNE,4,1020,29.3,41,2,NNE,13,1016.1
412,20/03/2022,15.7,25,0,4.2,8,S,35,14:49,18.5,84,6,S,2,1017.3,23.2,69,7,SSW,11,1016
413,21/03/2022,17.7,28.3,0,5,10.3,SSW,33,17:33,19.1,79,6,NNE,7,1015.4,27.4,50,3,SSW,7,1012.5
414,22/03/2022,18.2,22.2,0,5.6,2.6,S,28,11:18,18.9,78,7, ,Calm,1010.4,18.9,76,8,S,9,1009.2
415,23/03/2022,13.6,19.5,1.2,2.2,7.3,S,30,13:35,15.4,65,1,WSW,7,1014.7,18.2,60,7,SSW,11,1015.4
416,24/03/2022,14.4,20.3,0,3.6,8.7,S,39,9:42,14.9,67,7,SW,4,1017.8,19.8,46,4,SSW,13,1016.8
417,25/03/2022,14,20.4,0,5.2,7.9,SSW,28,14:19,16.3,71,6,SSE,7,1022.1,19.7,60,6,SSW,13,1021.6
418,26/03/2022,11.1,22.3,0,3.8,11.1,SSW,24,13:51,12.4,89,1,NE,6,1023.3,20.8,64,1,SSW,11,1020.2
419,27/03/2022,12.4,29.1,0,4,11,N,30,9:52,16.4,76,0,NNE,9,1019.2,28.6,29,2,NNE,9,1015.4
420,28/03/2022,16.3,24.4,0,8.8,6,S,31,15:00,18.8,59,7,NNE,11,1014.4,22,66,3,SSW,15,1014.6
421,29/03/2022,15.6,20,0,4,0.5,S,28,15:44,17.7,77,7,SE,7,1016.9,19.5,67,7,SSW,13,1014.9
422,30/03/2022,15.9,20.4,0,3.8,5.5,S,39,19:17,16.1,59,7,SSE,9,1016.8,19.6,60,5,SSW,19,1016.5
423,31/03/2022,13.5,,0,5.6,,,,,15.6,79,7,SE,13,1023,20.6,49,6,SE,17,1023.9
