,Date,Minimum temperature (C),Evaporation (mm),9am relative humidity (%),9am cloud amount (oktas),3pm relative humidity (%),3pm wind speed (km/h),avg_demand
0,1/02/2021,0.8816568047337279,0.013986013986013984,0.7971014492753623,0.875,0.5949367088607596,0.31249999999999994,7839.838333333332
1,2/02/2021,0.6923076923076923,0.2657342657342657,0.8115942028985508,0.875,0.49367088607594933,0.4583333333333333,7393.213749999999
2,3/02/2021,0.6923076923076923,0.2727272727272727,0.5942028985507246,0.125,0.44303797468354433,0.31249999999999994,7237.238750000001
3,4/02/2021,0.7159763313609468,0.23776223776223773,0.8260869565217392,0.75,0.5189873417721519,0.5833333333333334,7831.148541666666
4,5/02/2021,0.8875739644970415,0.2937062937062937,0.7681159420289856,0.25,0.6329113924050633,0.6458333333333334,8198.975833333332
5,6/02/2021,0.9230769230769231,0.31468531468531463,0.7536231884057971,1.0,0.9367088607594937,0.22916666666666666,7417.680208333338
6,7/02/2021,0.804733727810651,0.11888111888111887,0.8260869565217392,0.25,0.49367088607594933,0.41666666666666663,6954.139583333333
7,9/02/2021,0.7869822485207103,0.1888111888111888,0.46376811594202905,0.875,0.4683544303797469,0.37499999999999994,7407.967291666668
8,11/02/2021,0.7100591715976332,0.3216783216783216,0.6521739130434783,0.125,0.4177215189873418,0.5416666666666666,7565.787916666667
9,12/02/2021,0.7751479289940828,0.3846153846153846,0.5797101449275361,1.0,0.35443037974683544,0.41666666666666663,8061.384791666666
10,13/02/2021,0.8520710059171599,0.2587412587412587,0.9855072463768115,1.0,0.9113924050632912,0.49999999999999994,7241.781041666665
11,14/02/2021,0.650887573964497,0.06993006993006992,0.8840579710144927,0.375,0.4810126582278481,0.41666666666666663,6457.113541666667
12,15/02/2021,0.7573964497041421,0.2797202797202797,0.46376811594202905,0.875,0.5189873417721519,0.7291666666666666,7124.523125000002
13,16/02/2021,0.7810650887573964,0.1818181818181818,0.8260869565217392,0.875,0.5569620253164557,0.41666666666666663,7380.897291666667
14,17/02/2021,0.7692307692307694,0.2727272727272727,0.6231884057971016,0.875,0.5443037974683544,0.6458333333333334,7350.403124999998
15,19/02/2021,0.863905325443787,0.22377622377622375,0.7391304347826086,0.75,0.5949367088607596,0.2708333333333333,7831.220833333333
16,20/02/2021,0.8520710059171599,0.21678321678321677,0.9710144927536233,0.875,0.6455696202531646,0.22916666666666666,7494.003541666668
17,21/02/2021,0.9230769230769231,0.1888111888111888,0.8695652173913044,0.75,0.5443037974683544,0.35416666666666663,7510.852916666668
18,22/02/2021,0.8461538461538463,0.19580419580419578,0.8695652173913044,0.125,0.5316455696202532,0.5416666666666666,8117.609999999998
19,23/02/2021,0.8284023668639056,0.2937062937062937,0.5217391304347826,0.875,0.49367088607594933,0.49999999999999994,7537.720416666667
20,27/02/2021,0.8461538461538463,0.2657342657342657,0.855072463768116,1.0,0.8734177215189874,0.22916666666666666,7182.225208333336
21,28/02/2021,0.8284023668639056,0.09790209790209789,0.8260869565217392,0.75,0.5189873417721519,0.35416666666666663,7099.947499999999
22,1/03/2021,0.8284023668639056,0.22377622377622375,0.9275362318840581,0.875,0.6075949367088608,0.41666666666666663,8533.461666666668
23,2/03/2021,0.8461538461538463,0.28671328671328666,0.681159420289855,0.625,0.45569620253164556,0.49999999999999994,7487.192708333333
24,3/03/2021,0.7278106508875741,0.2657342657342657,0.5507246376811594,1.0,0.4810126582278481,0.37499999999999994,7286.490208333332
25,4/03/2021,0.6035502958579881,0.23776223776223773,0.7246376811594204,0.125,0.44303797468354433,0.41666666666666663,7274.426666666667
26,5/03/2021,0.7100591715976332,0.2797202797202797,0.6376811594202898,0.125,0.3924050632911392,0.6041666666666666,7167.193958333333
27,6/03/2021,0.7159763313609468,0.2937062937062937,0.34782608695652173,0.875,0.3417721518987342,0.31249999999999994,6610.969583333334
28,7/03/2021,0.6094674556213018,0.24475524475524474,0.6376811594202898,0.5,0.4810126582278481,0.4583333333333333,6540.380208333335
29,8/03/2021,0.7218934911242605,0.2657342657342657,0.8115942028985508,0.875,0.44303797468354433,0.1875,7707.994999999999
30,9/03/2021,0.8165680473372783,0.21678321678321677,0.681159420289855,0.875,0.5316455696202532,0.4583333333333333,7651.438125000001
31,11/03/2021,0.8402366863905326,0.14685314685314685,0.8695652173913044,0.875,0.6075949367088608,0.4583333333333333,7843.896875000003
32,12/03/2021,0.9230769230769231,0.2727272727272727,0.7536231884057971,0.875,0.6708860759493671,0.31249999999999994,7846.689375000002
33,13/03/2021,0.863905325443787,0.020979020979020976,0.9855072463768115,0.375,0.6708860759493671,0.1875,7625.361249999999
34,14/03/2021,0.7988165680473374,0.3496503496503496,0.9710144927536233,1.0,0.8607594936708861,0.5416666666666666,7074.620416666668
35,15/03/2021,0.378698224852071,0.13986013986013984,0.7826086956521738,0.125,0.45569620253164556,0.37499999999999994,6940.243333333335
36,17/03/2021,0.668639053254438,0.0839160839160839,0.6666666666666667,0.875,0.6329113924050633,0.6458333333333334,7430.172916666667
37,18/03/2021,0.7218934911242605,0.21678321678321677,0.681159420289855,1.0,0.9746835443037974,0.22916666666666666,7703.078750000001
38,19/03/2021,0.6804733727810652,0.11888111888111887,0.681159420289855,1.0,0.6582278481012659,0.5416666666666666,7473.735208333332
39,20/03/2021,0.7396449704142014,0.09790209790209789,1.0,1.0,1.0,0.6041666666666666,7212.509791666665
40,21/03/2021,0.7810650887573964,0.20475524475524473,0.9130434782608696,1.0,0.8481012658227848,0.41666666666666663,7126.95
41,22/03/2021,0.7218934911242605,0.1608391608391608,0.9855072463768115,1.0,0.9873417721518988,0.31249999999999994,7730.009166666668
42,23/03/2021,0.6745562130177516,0.013986013986013984,1.0,1.0,1.0,0.4583333333333333,7830.55875
43,25/03/2021,0.668639053254438,0.23076923076923073,0.681159420289855,0.875,0.5189873417721519,0.22916666666666666,7232.385833333331
44,26/03/2021,0.5562130177514792,0.23076923076923073,0.7391304347826086,0.125,0.45569620253164556,0.35416666666666663,7015.648750000003
45,27/03/2021,0.63905325443787,0.1608391608391608,0.8840579710144927,0.125,0.15189873417721522,0.08333333333333334,6602.299583333334
46,28/03/2021,0.6449704142011834,0.23776223776223773,0.8115942028985508,0.125,0.4177215189873418,0.37499999999999994,6428.718124999999
47,29/03/2021,0.5857988165680472,0.20979020979020976,0.8405797101449275,0.125,0.44303797468354433,0.37499999999999994,7174.510416666668
48,30/03/2021,0.6153846153846154,0.2517482517482517,0.6231884057971016,0.875,0.35443037974683544,0.37499999999999994,7122.368958333335
49,31/03/2021,0.5088757396449703,0.21678321678321677,0.7681159420289856,0.875,0.3417721518987342,0.35416666666666663,7113.137291666669
50,2/04/2021,0.5976331360946745,0.09790209790209789,0.9710144927536233,0.375,0.49367088607594933,0.2708333333333333,6490.208333333333
51,6/04/2021,0.7928994082840237,0.11538461538461536,0.9420289855072463,0.25,0.7088607594936709,0.37499999999999994,7567.621875000002
52,7/04/2021,0.7573964497041421,0.15384615384615383,0.9710144927536233,0.625,0.7088607594936709,0.31249999999999994,7579.323958333334
53,8/04/2021,0.7455621301775148,0.11188811188811187,0.9855072463768115,0.25,0.5443037974683544,0.22916666666666666,7495.619999999999
54,9/04/2021,0.6745562130177516,0.1678321678321678,0.8115942028985508,0.25,0.379746835443038,0.041666666666666664,7336.792083333335
55,10/04/2021,0.6331360946745563,0.22377622377622375,0.6231884057971016,0.875,0.1645569620253165,0.49999999999999994,6608.749166666666
56,11/04/2021,0.455621301775148,0.20279720279720276,0.1594202898550725,0.125,0.12658227848101267,0.6041666666666666,6367.694791666669
57,12/04/2021,0.22485207100591714,0.23776223776223773,0.33333333333333337,0.125,0.189873417721519,0.14583333333333334,7172.522083333333
58,13/04/2021,0.2662721893491125,0.13986013986013984,0.5797101449275361,0.125,0.40506329113924056,0.37499999999999994,7244.021041666668
59,15/04/2021,0.6213017751479291,0.22377622377622375,0.2898550724637682,0.125,0.12658227848101267,0.041666666666666664,7171.652083333332
60,16/04/2021,0.5857988165680472,0.22377622377622375,0.2753623188405797,0.625,0.49367088607594933,0.4583333333333333,7303.76875
61,18/04/2021,0.3017751479289941,0.13986013986013984,0.7971014492753623,0.5,0.4683544303797469,0.1875,6694.444583333333
62,20/04/2021,0.31952662721893493,0.13986013986013984,0.5217391304347826,0.25,0.31645569620253167,0.1875,7364.601874999999
63,21/04/2021,0.4911242603550296,0.1818181818181818,0.33333333333333337,0.125,0.30379746835443044,0.41666666666666663,7404.424791666665
64,22/04/2021,0.2662721893491125,0.20979020979020976,0.46376811594202905,0.125,0.15189873417721522,0.31249999999999994,7595.551041666663
65,24/04/2021,0.2781065088757397,0.13986013986013984,0.5942028985507246,0.375,0.40506329113924056,0.2708333333333333,7000.101250000003
66,26/04/2021,0.3609467455621302,0.11888111888111887,0.7971014492753623,0.125,0.4683544303797469,0.1875,7381.283750000002
67,28/04/2021,0.4792899408284024,0.13986013986013984,0.8115942028985508,0.75,0.5316455696202532,0.22916666666666666,7507.583124999998
68,29/04/2021,0.4142011834319527,0.0909090909090909,0.855072463768116,0.0,0.5316455696202532,0.35416666666666663,7530.759791666667
69,30/04/2021,0.4260355029585799,0.12587412587412586,0.9130434782608696,0.75,0.5822784810126582,0.35416666666666663,7534.488958333332
70,1/05/2021,0.5029585798816569,0.11188811188811187,0.9565217391304348,0.25,0.6962025316455697,0.31249999999999994,6985.442083333334
71,2/05/2021,0.5325443786982249,0.013986013986013984,0.9710144927536233,0.875,0.6455696202531646,0.37499999999999994,6861.878333333331
72,3/05/2021,0.4733727810650888,0.13986013986013984,1.0,0.75,0.5443037974683544,0.22916666666666666,7401.447916666668
73,4/05/2021,0.5502958579881656,0.13986013986013984,0.7826086956521738,1.0,0.9240506329113923,0.14583333333333334,8070.974791666668
74,6/05/2021,0.5621301775147929,0.12587412587412586,0.9710144927536233,0.875,0.8860759493670886,0.31249999999999994,7881.227083333335
75,7/05/2021,0.7100591715976332,0.06293706293706293,0.9420289855072463,0.875,0.7088607594936709,0.41666666666666663,7618.825208333333
76,9/05/2021,0.6153846153846154,0.15384615384615383,0.5797101449275361,0.875,0.6455696202531646,0.041666666666666664,6990.896458333335
77,10/05/2021,0.46745562130177515,0.07692307692307691,0.8115942028985508,0.0,0.25316455696202533,0.37499999999999994,7446.081249999998
78,11/05/2021,0.5502958579881656,0.11188811188811187,0.7681159420289856,0.375,0.5063291139240507,0.41666666666666663,7805.091458333335
79,12/05/2021,0.4142011834319527,0.10489510489510488,0.7971014492753623,0.5,0.6075949367088608,0.2708333333333333,7726.873541666669
80,13/05/2021,0.4437869822485208,0.11888111888111887,0.8695652173913044,0.125,0.3670886075949368,0.08333333333333334,7619.355833333335
81,14/05/2021,0.43786982248520706,0.13986013986013984,0.2753623188405797,0.125,0.189873417721519,0.5416666666666666,7569.600208333334
82,15/05/2021,0.2781065088757397,0.1818181818181818,0.49275362318840576,0.625,0.21518987341772156,0.5416666666666666,7641.002916666665
83,16/05/2021,0.11834319526627218,0.1818181818181818,0.3913043478260869,0.125,0.07594936708860761,0.22916666666666666,7600.074791666666
84,18/05/2021,0.1715976331360946,0.13986013986013984,0.6231884057971016,0.125,0.31645569620253167,0.22916666666666666,8405.777916666668
85,19/05/2021,0.15976331360946744,0.11888111888111887,0.7246376811594204,0.0,0.5063291139240507,0.22916666666666666,8419.033958333335
86,20/05/2021,0.16568047337278108,0.09790209790209789,0.681159420289855,0.5,0.2405063291139241,0.2708333333333333,8316.318750000002
87,21/05/2021,0.2485207100591716,0.09790209790209789,0.7681159420289856,0.875,0.7594936708860759,0.10416666666666666,8676.293749999999
88,22/05/2021,0.18934911242603553,0.013986013986013984,0.8115942028985508,0.25,0.4683544303797469,0.1875,7739.874583333333
89,24/05/2021,0.3964497041420118,0.04195804195804195,1.0,0.5,0.8227848101265823,0.041666666666666664,8168.434583333331
90,25/05/2021,0.42011834319526636,0.1748251748251748,0.9855072463768115,0.625,0.4810126582278481,0.31249999999999994,7927.058958333332
91,26/05/2021,0.5088757396449703,0.013986013986013984,0.42028985507246375,0.125,0.1645569620253165,0.35416666666666663,7834.943541666665
92,27/05/2021,0.24260355029585806,0.21678321678321677,0.3913043478260869,0.0,0.25316455696202533,0.4583333333333333,8273.886458333334
93,28/05/2021,0.25443786982248523,0.13986013986013984,0.46376811594202905,0.125,0.15189873417721522,0.49999999999999994,8477.937083333334
94,29/05/2021,0.16568047337278108,0.20979020979020976,0.4347826086956522,0.625,0.430379746835443,0.4583333333333333,8404.982708333337
95,30/05/2021,0.24260355029585806,0.09790209790209789,0.5652173913043479,0.875,0.6962025316455697,0.22916666666666666,8090.639791666668
96,31/05/2021,0.22485207100591714,0.0839160839160839,0.5797101449275361,0.125,0.3924050632911392,0.1875,8488.177083333334
97,1/06/2021,0.16568047337278108,0.09790209790209789,0.9275362318840581,0.75,0.3417721518987342,0.08333333333333334,8728.148333333333
98,2/06/2021,0.21301775147928997,0.06293706293706293,0.8260869565217392,0.375,0.5063291139240507,0.1875,8429.988333333336
99,3/06/2021,0.3017751479289941,0.0839160839160839,0.8840579710144927,0.875,0.9746835443037974,0.1875,9283.459374999997
100,4/06/2021,0.2781065088757397,0.048951048951048945,0.9275362318840581,0.25,0.44303797468354433,0.5416666666666666,8580.912291666666
101,5/06/2021,0.15976331360946744,0.11188811188811187,0.6521739130434783,0.125,0.22784810126582278,0.14583333333333334,8162.490625000001
102,7/06/2021,0.12426035502958582,0.11188811188811187,0.7681159420289856,0.75,0.5189873417721519,0.22916666666666666,8733.702500000001
103,8/06/2021,0.27218934911242604,0.0909090909090909,0.34782608695652173,0.75,0.4177215189873418,0.49999999999999994,9130.73625
104,10/06/2021,0.05325443786982248,0.13986013986013984,0.7246376811594204,0.875,0.8227848101265823,0.1875,10416.763333333334
105,11/06/2021,0.0,0.05594405594405594,1.0,0.375,0.5443037974683544,0.1875,9647.869583333331
106,13/06/2021,0.136094674556213,0.14685314685314685,0.5797101449275361,0.125,0.30379746835443044,0.35416666666666663,8114.276041666668
107,14/06/2021,0.24260355029585806,0.1608391608391608,0.5652173913043479,0.875,0.569620253164557,0.14583333333333334,8256.042083333336
108,17/06/2021,0.2189349112426035,0.06993006993006992,0.5652173913043479,0.125,0.25316455696202533,0.5416666666666666,8818.311458333332
109,19/06/2021,0.30769230769230765,0.13986013986013984,0.4347826086956522,0.875,0.8607594936708861,0.6875,8739.004166666668
110,20/06/2021,0.33727810650887574,0.04545454545454545,0.7826086956521738,0.75,0.8354430379746834,0.37499999999999994,8523.277708333333
111,21/06/2021,0.24260355029585806,0.04195804195804195,0.9565217391304348,0.875,0.7721518987341772,0.31249999999999994,9151.469791666666
112,22/06/2021,0.21301775147928997,0.07692307692307691,0.9130434782608696,0.875,0.5949367088607596,0.041666666666666664,9199.536666666663
113,23/06/2021,0.2485207100591716,0.0,0.9855072463768115,0.875,0.5189873417721519,0.35416666666666663,9060.739166666666
114,24/06/2021,0.36686390532544383,0.12587412587412586,0.6231884057971016,0.875,0.45569620253164556,0.4583333333333333,8800.990208333335
115,25/06/2021,0.3431952662721894,0.10489510489510488,0.46376811594202905,0.125,0.26582278481012656,0.37499999999999994,8429.629374999999
116,26/06/2021,0.2011834319526627,0.1678321678321678,0.5217391304347826,0.125,0.2784810126582279,0.4583333333333333,8172.806041666666
117,27/06/2021,0.136094674556213,0.1608391608391608,0.6521739130434783,0.125,0.21518987341772156,0.10416666666666666,8132.71
118,29/06/2021,0.1834319526627219,0.07692307692307691,0.9710144927536233,0.875,0.9113924050632912,0.041666666666666664,9172.130416666663
119,30/06/2021,0.3136094674556213,0.06993006993006992,1.0,0.875,0.8481012658227848,0.10416666666666666,8766.696875000001
120,2/07/2021,0.3136094674556213,0.048951048951048945,1.0,1.0,0.5316455696202532,0.08333333333333334,8502.706874999998
121,3/07/2021,0.15976331360946744,0.06293706293706293,0.8695652173913044,0.125,0.44303797468354433,0.1875,8171.626666666664
122,4/07/2021,0.12426035502958582,0.04545454545454545,0.5072463768115942,0.125,0.30379746835443044,0.2708333333333333,8178.329375000001
123,5/07/2021,0.05325443786982248,0.12587412587412586,0.6376811594202898,0.125,0.26582278481012656,0.22916666666666666,8997.164166666671
124,6/07/2021,0.017751479289940808,0.09790209790209789,0.6376811594202898,0.875,0.3417721518987342,0.10416666666666666,9591.492083333333
125,8/07/2021,0.029585798816568032,0.020979020979020976,0.9130434782608696,0.5,0.5569620253164557,0.22916666666666666,9490.086666666668
126,9/07/2021,0.15976331360946744,0.06293706293706293,0.855072463768116,1.0,0.9240506329113923,0.22916666666666666,9911.211458333331
127,10/07/2021,0.24260355029585806,0.06993006993006992,0.7971014492753623,0.875,0.8354430379746834,0.35416666666666663,8979.385833333336
128,11/07/2021,0.22485207100591714,0.9999999999999999,0.9855072463768115,0.75,0.6329113924050633,0.22916666666666666,8315.970833333335
129,12/07/2021,0.14201183431952658,0.07692307692307691,0.9710144927536233,0.875,0.5569620253164557,0.22916666666666666,8894.415833333334
130,13/07/2021,0.136094674556213,0.02797202797202797,0.855072463768116,0.125,0.3291139240506329,0.22916666666666666,8866.735416666668
131,14/07/2021,0.26035502958579876,0.11188811188811187,0.5217391304347826,0.875,0.8354430379746834,0.08333333333333334,9544.245416666668
132,15/07/2021,0.408284023668639,0.048951048951048945,0.6231884057971016,0.125,0.40506329113924056,0.22916666666666666,8385.180833333336
133,17/07/2021,0.3609467455621302,0.23076923076923073,0.42028985507246375,0.375,0.2911392405063291,0.7708333333333334,8412.839791666667
134,18/07/2021,0.2485207100591716,0.15384615384615383,0.46376811594202905,0.125,0.25316455696202533,0.37499999999999994,7864.075000000001
135,19/07/2021,0.059171597633136064,0.1608391608391608,0.6666666666666667,0.25,0.3924050632911392,0.31249999999999994,9058.50895833333
136,20/07/2021,0.10059171597633138,0.11888111888111887,0.46376811594202905,0.375,0.3924050632911392,0.49999999999999994,9320.106041666664
137,23/07/2021,0.14201183431952658,0.10489510489510488,0.6521739130434783,0.875,0.6582278481012659,0.1875,9351.012916666665
138,25/07/2021,0.26035502958579876,0.2587412587412587,0.2753623188405797,0.125,0.13924050632911394,0.6458333333333334,8165.268333333334
139,26/07/2021,0.2189349112426035,0.07692307692307691,0.4782608695652174,0.125,0.2405063291139241,0.5833333333333334,8442.988125
140,27/07/2021,0.31952662721893493,0.13986013986013984,0.46376811594202905,0.125,0.2784810126582279,0.4583333333333333,8113.392291666666
141,28/07/2021,0.4142011834319527,0.22377622377622375,0.21739130434782605,0.625,0.11392405063291139,0.6458333333333334,8026.70083333333
142,29/07/2021,0.30769230769230765,0.23776223776223773,0.30434782608695654,0.125,0.07594936708860761,0.4583333333333333,8142.052291666666
143,30/07/2021,0.00591715976331364,0.11888111888111887,0.5507246376811594,0.5840978593272171,0.3924050632911392,0.1875,8644.895208333337
144,1/08/2021,0.5384615384615385,0.1678321678321678,0.37681159420289856,0.125,0.3291139240506329,0.5416666666666666,7336.019999999999
145,2/08/2021,0.136094674556213,0.11188811188811187,0.6231884057971016,0.125,0.4177215189873418,0.14583333333333334,8103.071458333333
146,3/08/2021,0.3313609467455622,0.14685314685314685,0.8985507246376812,0.375,0.189873417721519,0.5833333333333334,8077.181458333333
147,4/08/2021,0.20710059171597633,0.2657342657342657,0.3188405797101449,0.125,0.20253164556962028,0.6875,8462.327291666668
148,5/08/2021,0.19526627218934905,0.13286713286713284,0.5072463768115942,0.125,0.21518987341772156,0.41666666666666663,8231.32208333333
149,6/08/2021,0.18934911242603553,0.10489510489510488,0.5362318840579711,0.125,0.17721518987341772,0.10416666666666666,8027.421249999999
150,7/08/2021,0.14792899408284027,0.1608391608391608,0.5797101449275361,0.125,0.20253164556962028,0.10416666666666666,7706.977916666666
151,8/08/2021,0.24260355029585806,0.0909090909090909,0.9275362318840581,0.875,0.8227848101265823,0.14583333333333334,8133.89875
152,10/08/2021,0.17751479289940836,0.11888111888111887,0.8985507246376812,0.25,0.2911392405063291,0.2708333333333333,7847.382916666666
153,13/08/2021,0.14792899408284027,0.20979020979020976,0.42028985507246375,0.0,0.25316455696202533,0.31249999999999994,7865.224791666665
154,14/08/2021,0.1301775147928994,0.12587412587412586,0.5942028985507246,0.125,0.430379746835443,0.2708333333333333,7436.054583333333
155,16/08/2021,0.25443786982248523,0.1888111888111888,0.2898550724637682,0.0,0.07594936708860761,0.22916666666666666,7607.360000000001
156,17/08/2021,0.23668639053254442,0.12587412587412586,0.33333333333333337,0.125,0.15189873417721522,0.31249999999999994,7839.474374999997
157,19/08/2021,0.136094674556213,0.13986013986013984,0.681159420289855,0.875,0.5443037974683544,0.31249999999999994,7923.436041666665
158,21/08/2021,0.42011834319526636,0.13286713286713284,0.5652173913043479,0.875,0.25316455696202533,0.08333333333333334,7093.962083333333
159,22/08/2021,0.3136094674556213,0.13286713286713284,0.6231884057971016,0.125,0.2405063291139241,0.37499999999999994,6627.530416666669
160,23/08/2021,0.44970414201183434,0.23076923076923073,0.3188405797101449,0.625,0.2911392405063291,0.5833333333333334,7268.616875
161,25/08/2021,0.12426035502958582,0.20475524475524473,0.4057971014492754,0.75,0.379746835443038,0.6041666666666666,8606.620833333332
162,26/08/2021,0.2011834319526627,0.11188811188811187,0.3623188405797102,0.125,0.3291139240506329,0.31249999999999994,8087.284583333335
163,28/08/2021,0.2840236686390532,0.13286713286713284,0.37681159420289856,0.875,0.5063291139240507,0.2708333333333333,7646.239791666667
164,29/08/2021,0.136094674556213,0.0839160839160839,0.6956521739130435,0.75,0.3924050632911392,0.1875,7749.174375
165,30/08/2021,0.16568047337278108,0.048951048951048945,0.5507246376811594,0.375,0.3417721518987342,0.2708333333333333,7880.242708333332
166,1/09/2021,0.2781065088757397,0.1748251748251748,0.4492753623188406,0.375,0.2911392405063291,0.22916666666666666,7221.518541666669
167,2/09/2021,0.455621301775148,0.11888111888111887,0.8115942028985508,0.875,0.5949367088607596,0.5833333333333334,7235.033333333333
168,3/09/2021,0.48520710059171596,0.1678321678321678,0.5072463768115942,0.125,0.45569620253164556,0.5416666666666666,7012.088541666665
169,4/09/2021,0.5680473372781065,0.2657342657342657,0.46376811594202905,1.0,0.620253164556962,0.2708333333333333,7111.353749999999
170,5/09/2021,0.43786982248520706,0.1748251748251748,0.4057971014492754,0.125,0.22784810126582278,0.6458333333333334,6946.370833333334
171,6/09/2021,0.21301775147928997,0.1678321678321678,0.34782608695652173,0.125,0.17721518987341772,0.6458333333333334,7394.128958333335
172,7/09/2021,0.08284023668639051,0.19580419580419578,0.37681159420289856,0.125,0.05063291139240511,0.37499999999999994,7347.467916666666
173,8/09/2021,0.22485207100591714,0.1748251748251748,0.46376811594202905,0.125,0.4683544303797469,0.31249999999999994,7216.258124999999
174,9/09/2021,0.23076923076923078,0.2727272727272727,0.4347826086956522,0.75,0.03797468354430383,0.22916666666666666,7034.917708333334
175,10/09/2021,0.5384615384615385,0.22377622377622375,0.043478260869565244,0.625,0.620253164556962,0.35416666666666663,6801.206666666665
176,11/09/2021,0.3313609467455622,0.13986013986013984,0.8115942028985508,0.0,0.03797468354430383,0.4583333333333333,6325.425000000002
177,14/09/2021,0.23076923076923078,0.2517482517482517,0.6376811594202898,0.625,0.8860759493670886,0.37499999999999994,7828.875625000001
178,17/09/2021,0.2189349112426035,0.09790209790209789,0.6521739130434783,0.125,0.45569620253164556,0.4583333333333333,7055.388750000001
179,18/09/2021,0.5857988165680472,0.30769230769230765,0.24637681159420288,0.875,0.7215189873417721,0.08333333333333334,6831.866458333335
180,19/09/2021,0.2840236686390532,0.11888111888111887,0.18840579710144933,0.125,0.05063291139240511,0.2708333333333333,6263.905416666667
181,22/09/2021,0.136094674556213,0.20279720279720276,0.3623188405797102,0.125,0.3924050632911392,0.31249999999999994,7215.876041666666
182,24/09/2021,0.3491124260355029,0.20279720279720276,0.24637681159420288,0.0,0.11392405063291139,0.5416666666666666,6744.323333333333
183,25/09/2021,0.4615384615384615,0.3216783216783216,0.0,0.125,0.5443037974683544,0.7291666666666666,6461.868750000001
184,26/09/2021,0.3017751479289941,0.2587412587412587,0.46376811594202905,0.875,0.49367088607594933,0.37499999999999994,6945.917499999999
185,27/09/2021,0.23076923076923078,0.15384615384615383,0.6231884057971016,0.875,0.40506329113924056,0.37499999999999994,7212.410625000003
186,28/09/2021,0.2840236686390532,0.20279720279720276,0.49275362318840576,0.25,0.5822784810126582,0.31249999999999994,7037.642500000002
187,29/09/2021,0.4911242603550296,0.20279720279720276,0.46376811594202905,0.75,0.9113924050632912,0.1875,7513.900000000001
188,30/09/2021,0.514792899408284,0.006993006993006992,0.6376811594202898,0.625,0.5443037974683544,0.22916666666666666,7081.635833333334
189,1/10/2021,0.5325443786982249,0.1818181818181818,0.7246376811594204,1.0,0.569620253164557,0.4583333333333333,6989.536423611116
190,2/10/2021,0.3609467455621302,0.24475524475524474,0.5217391304347826,0.125,0.620253164556962,0.31249999999999994,6510.421875000001
191,3/10/2021,0.42011834319526636,0.1608391608391608,1.0,0.125,0.25316455696202533,0.31249999999999994,6070.739409722219
192,4/10/2021,0.5443786982248522,0.15384615384615383,0.6086956521739131,0.125,0.189873417721519,0.37499999999999994,5984.094861111108
193,5/10/2021,0.4142011834319527,0.34265734265734266,0.26086956521739135,0.25,0.03797468354430383,0.6041666666666666,6583.063923611112
194,6/10/2021,0.33727810650887574,0.1748251748251748,0.33333333333333337,0.0,0.2784810126582279,0.37499999999999994,6621.811597222224
195,7/10/2021,0.408284023668639,0.2657342657342657,0.1159420289855072,0.75,0.0,0.41666666666666663,6758.258090277776
196,9/10/2021,0.44970414201183434,0.2727272727272727,0.7681159420289856,0.875,0.430379746835443,0.1875,6262.165868055556
197,10/10/2021,0.6153846153846154,0.2657342657342657,0.5072463768115942,0.875,0.8227848101265823,0.6875,6456.15197916667
198,11/10/2021,0.2662721893491125,0.1608391608391608,0.9130434782608696,1.0,0.8607594936708861,0.31249999999999994,7459.192777777776
199,12/10/2021,0.3017751479289941,0.07692307692307691,0.5072463768115942,0.875,0.45569620253164556,0.41666666666666663,7798.462951388886
200,13/10/2021,0.46745562130177515,0.11188811188811187,0.9710144927536233,1.0,0.8987341772151899,0.6041666666666666,7625.622534722223
201,14/10/2021,0.5088757396449703,0.13286713286713284,0.7391304347826086,0.875,0.7088607594936709,0.4583333333333333,7169.504062499992
202,16/10/2021,0.40236686390532544,0.2797202797202797,0.2898550724637682,0.375,0.189873417721519,0.5416666666666666,6286.52045138889
203,17/10/2021,0.3964497041420118,0.20979020979020976,0.30434782608695654,0.125,0.379746835443038,0.35416666666666663,5970.40868055556
204,18/10/2021,0.38461538461538464,0.2797202797202797,0.7826086956521738,0.125,0.26582278481012656,0.41666666666666663,6657.162708333336
205,19/10/2021,0.5029585798816569,0.2727272727272727,0.49275362318840576,0.375,0.5949367088607596,0.5833333333333334,6864.797013888889
206,21/10/2021,0.44970414201183434,0.19580419580419578,0.8405797101449275,0.25,0.44303797468354433,0.31249999999999994,7009.500173611112
207,22/10/2021,0.5621301775147929,0.22377622377622375,0.8115942028985508,0.375,0.5316455696202532,0.31249999999999994,6870.280555555553
208,23/10/2021,0.6094674556213018,0.23776223776223773,0.855072463768116,0.125,0.6455696202531646,0.41666666666666663,6518.656423611112
209,24/10/2021,0.6331360946745563,0.21678321678321677,0.6521739130434783,0.75,0.4177215189873418,0.49999999999999994,6130.361909722222
210,25/10/2021,0.4437869822485208,0.22377622377622375,0.681159420289855,0.375,0.3924050632911392,0.41666666666666663,6717.404444444447
211,26/10/2021,0.408284023668639,0.3496503496503496,0.49275362318840576,0.25,0.379746835443038,0.41666666666666663,6773.899166666669
212,28/10/2021,0.6213017751479291,0.19580419580419578,0.6956521739130435,0.75,0.44303797468354433,0.31249999999999994,7295.91263888889
213,29/10/2021,0.8461538461538463,0.2517482517482517,0.1594202898550725,0.875,0.12658227848101267,0.9999999999999999,7237.172500000001
214,30/10/2021,0.6035502958579881,0.39860139860139854,0.37681159420289856,0.875,0.3670886075949368,0.4583333333333333,6308.541527777777
215,31/10/2021,0.35502958579881666,0.3006993006993007,0.46376811594202905,0.375,0.3291139240506329,0.37499999999999994,6044.106805555559
216,1/11/2021,0.42011834319526636,0.1818181818181818,0.5652173913043479,0.875,0.45569620253164556,0.31249999999999994,6831.621145833333
217,2/11/2021,0.6272189349112425,0.23076923076923073,0.5942028985507246,0.375,0.44303797468354433,0.5833333333333334,6859.039444444448
218,3/11/2021,0.6804733727810652,0.2587412587412587,0.42028985507246375,0.375,0.379746835443038,0.49999999999999994,6827.766423611106
219,4/11/2021,0.7337278106508875,0.3496503496503496,0.6086956521739131,1.0,0.8227848101265823,0.1875,7349.886736111114
220,5/11/2021,0.6449704142011834,0.048951048951048945,0.855072463768116,1.0,0.6075949367088608,0.4583333333333333,7184.492881944438
221,7/11/2021,0.7159763313609468,0.2657342657342657,0.8405797101449275,1.0,0.7974683544303797,0.10416666666666666,6590.967986111109
222,8/11/2021,0.7100591715976332,0.03496503496503496,0.8840579710144927,0.875,0.5822784810126582,0.35416666666666663,6988.417534722224
223,9/11/2021,0.668639053254438,0.23776223776223773,0.7536231884057971,0.875,0.5949367088607596,0.2708333333333333,6935.111319444447
224,10/11/2021,0.7692307692307694,0.15384615384615383,0.7826086956521738,0.875,0.9746835443037974,0.041666666666666664,7456.538749999997
225,11/11/2021,0.6923076923076923,0.04195804195804195,0.7971014492753623,1.0,0.7848101265822786,0.35416666666666663,7424.5028125
226,12/11/2021,0.4260355029585799,0.1818181818181818,0.9855072463768115,1.0,0.6582278481012659,0.31249999999999994,7153.949236111112
227,13/11/2021,0.5207100591715976,0.15384615384615383,0.2753623188405797,0.375,0.26582278481012656,0.7291666666666666,6520.800034722224
228,14/11/2021,0.4437869822485208,0.35664335664335656,0.23188405797101452,0.875,0.13924050632911394,0.6875,6148.893888888885
229,15/11/2021,0.4260355029585799,0.22377622377622375,0.14492753623188404,0.125,0.12658227848101267,0.6041666666666666,6608.644652777779
230,17/11/2021,0.455621301775148,0.2797202797202797,0.46376811594202905,0.625,0.430379746835443,0.35416666666666663,6723.637256944444
231,18/11/2021,0.5384615384615385,0.2797202797202797,0.5797101449275361,0.375,0.5189873417721519,0.49999999999999994,6782.211979166665
232,19/11/2021,0.7810650887573964,0.2657342657342657,0.8405797101449275,1.0,0.30379746835443044,0.4583333333333333,7235.825902777778
233,21/11/2021,0.5621301775147929,0.12587412587412586,0.9565217391304348,1.0,0.9746835443037974,0.5416666666666666,6843.91586805556
234,22/11/2021,0.5680473372781065,0.06993006993006992,0.6231884057971016,0.875,0.5443037974683544,0.4583333333333333,6902.837222222221
235,23/11/2021,0.6213017751479291,0.1678321678321678,0.8260869565217392,0.875,0.7215189873417721,0.22916666666666666,7075.149965277778
236,24/11/2021,0.7100591715976332,0.07692307692307691,0.855072463768116,1.0,0.6329113924050633,0.49999999999999994,7350.6047569444445
237,25/11/2021,0.8284023668639056,0.1748251748251748,0.9710144927536233,1.0,0.8734177215189874,0.1875,7615.075520833335
238,26/11/2021,0.6331360946745563,0.30769230769230765,0.9710144927536233,1.0,0.8227848101265823,0.6458333333333334,7476.738020833336
239,27/11/2021,0.5562130177514792,0.0909090909090909,0.9275362318840581,1.0,0.5949367088607596,0.6458333333333334,6812.040659722224
240,28/11/2021,0.5502958579881656,0.1608391608391608,0.6376811594202898,0.625,0.44303797468354433,0.49999999999999994,6481.396284722221
241,29/11/2021,0.48520710059171596,0.13986013986013984,0.5217391304347826,0.875,0.49367088607594933,0.22916666666666666,6906.624930555557
242,30/11/2021,0.7278106508875741,0.20279720279720276,0.7101449275362319,1.0,0.8227848101265823,0.1875,7449.267187499999
243,1/12/2021,0.7988165680473374,0.06993006993006992,0.7101449275362319,0.875,0.5063291139240507,0.37499999999999994,7385.546180555558
244,2/12/2021,0.7396449704142014,0.22377622377622375,0.6956521739130435,0.375,0.5316455696202532,0.49999999999999994,7408.946736111113
245,3/12/2021,0.7514792899408285,0.30769230769230765,0.6376811594202898,0.0,0.6582278481012659,0.6041666666666666,7320.466666666666
246,4/12/2021,0.7159763313609468,0.19580419580419578,0.7971014492753623,1.0,0.5063291139240507,0.6041666666666666,6694.1977430555535
247,5/12/2021,0.650887573964497,0.2797202797202797,0.7971014492753623,1.0,0.5189873417721519,0.4583333333333333,6542.7474305555525
248,6/12/2021,0.6449704142011834,0.1748251748251748,0.49275362318840576,1.0,0.49367088607594933,0.31249999999999994,7155.756319444444
249,7/12/2021,0.6923076923076923,0.10489510489510488,0.5942028985507246,0.875,0.5949367088607596,0.37499999999999994,7237.350625000002
250,12/12/2021,0.5502958579881656,0.2587412587412587,0.5797101449275361,0.75,0.4683544303797469,0.5416666666666666,6214.357465277776
251,13/12/2021,0.6153846153846154,0.2727272727272727,0.37681159420289856,0.375,0.44303797468354433,0.35416666666666663,6828.618784722223
252,14/12/2021,0.5384615384615385,0.2797202797202797,0.5942028985507246,0.875,0.4810126582278481,0.37499999999999994,7000.336250000003
253,16/12/2021,0.8402366863905326,0.4055944055944055,0.7391304347826086,0.875,0.6582278481012659,0.37499999999999994,7464.555694444448
254,17/12/2021,0.7455621301775148,0.21678321678321677,0.6956521739130435,0.875,0.49367088607594933,0.4583333333333333,7282.540659722217
255,18/12/2021,0.7810650887573964,0.1818181818181818,0.6666666666666667,0.875,0.5316455696202532,0.22916666666666666,7953.902847222225
256,20/12/2021,0.863905325443787,0.2797202797202797,0.6521739130434783,0.875,0.620253164556962,0.37499999999999994,8110.211944444444
257,22/12/2021,0.9171597633136097,0.4265734265734265,0.681159420289855,1.0,0.5189873417721519,0.37499999999999994,7972.22465277778
258,23/12/2021,0.8994082840236688,0.21678321678321677,0.9275362318840581,1.0,0.7974683544303797,0.37499999999999994,7891.487881944442
259,24/12/2021,0.8284023668639056,0.05594405594405594,0.7391304347826086,0.5,0.5822784810126582,0.31249999999999994,7405.655937499996
260,25/12/2021,0.8816568047337279,0.1748251748251748,0.7101449275362319,0.375,0.5822784810126582,0.5416666666666666,6909.841770833335
261,27/12/2021,0.7455621301775148,0.22377622377622375,0.6956521739130435,0.875,0.5822784810126582,0.5833333333333334,6300.7342708333335
262,28/12/2021,0.6094674556213018,0.22377622377622375,0.7536231884057971,0.875,0.5569620253164557,0.31249999999999994,6101.642951388889
263,30/12/2021,0.5857988165680472,0.1748251748251748,0.6376811594202898,0.125,0.4810126582278481,0.4583333333333333,6556.190208333336
264,31/12/2021,0.6982248520710062,0.39160839160839156,0.6086956521739131,0.125,0.5063291139240507,0.41666666666666663,6800.63920138889
265,2/01/2022,0.8757396449704145,0.2657342657342657,0.7101449275362319,0.125,0.5443037974683544,0.5416666666666666,7026.24618055556
266,4/01/2022,0.9171597633136097,0.2797202797202797,0.5652173913043479,0.625,0.5063291139240507,0.41666666666666663,7533.124930555556
267,5/01/2022,0.9289940828402368,0.32867132867132864,0.9420289855072463,0.875,0.8987341772151899,0.35416666666666663,7586.139444444443
268,6/01/2022,0.9349112426035504,0.09790209790209789,0.7536231884057971,0.75,0.620253164556962,0.7291666666666666,7684.366875000003
269,7/01/2022,0.9763313609467457,0.20279720279720276,0.9420289855072463,1.0,0.7468354430379748,0.6458333333333334,7812.316284722223
270,8/01/2022,0.804733727810651,0.07692307692307691,0.855072463768116,0.875,0.6075949367088608,0.35416666666666663,7416.010381944442
271,9/01/2022,0.8875739644970415,0.2797202797202797,0.7971014492753623,0.625,0.810126582278481,0.35416666666666663,7162.290833333333
272,10/01/2022,0.9585798816568047,0.13986013986013984,0.8115942028985508,0.875,0.6582278481012659,0.49999999999999994,8201.246527777774
273,11/01/2022,1.0,0.19580419580419578,0.7826086956521738,0.875,0.7468354430379748,0.4583333333333333,8181.981076388885
274,12/01/2022,0.9526627218934911,0.21678321678321677,0.7391304347826086,0.75,0.6582278481012659,0.35416666666666663,7746.937812500001
275,14/01/2022,0.8106508875739646,0.1748251748251748,0.9565217391304348,0.875,0.569620253164557,0.37499999999999994,7998.224652777777
276,15/01/2022,0.9112426035502958,0.32867132867132864,0.8985507246376812,0.875,0.6962025316455697,0.37499999999999994,7718.192951388888
277,16/01/2022,0.9644970414201186,0.1888111888111888,0.7681159420289856,0.625,0.5822784810126582,0.35416666666666663,7547.783576388892
278,17/01/2022,0.9112426035502958,0.23076923076923073,0.8260869565217392,0.75,0.6835443037974683,0.37499999999999994,8781.386250000001
279,18/01/2022,0.9940828402366866,0.2797202797202797,0.8115942028985508,1.0,0.8607594936708861,0.41666666666666663,8182.945624999999
280,19/01/2022,0.7573964497041421,0.09790209790209789,0.9420289855072463,1.0,0.7594936708860759,0.5416666666666666,7500.322951388888
281,22/01/2022,0.6863905325443787,0.1888111888111888,0.8260869565217392,0.625,0.45569620253164556,0.4583333333333333,6711.975312500001
282,24/01/2022,0.7633136094674557,0.1748251748251748,0.8695652173913044,0.875,0.5569620253164557,0.37499999999999994,7518.355381944441
283,25/01/2022,0.8757396449704145,0.22377622377622375,0.6521739130434783,0.875,0.5443037974683544,0.4583333333333333,7780.217916666667
284,27/01/2022,0.8284023668639056,0.39860139860139854,0.6086956521739131,0.875,0.5063291139240507,0.5833333333333334,7754.988229166668
285,28/01/2022,0.940828402366864,0.39860139860139854,0.6521739130434783,0.375,0.5189873417721519,0.5416666666666666,8344.649375
286,29/01/2022,0.9289940828402368,0.2797202797202797,0.7101449275362319,0.625,0.569620253164557,0.49999999999999994,7971.286840277778
287,30/01/2022,0.9585798816568047,0.35664335664335656,0.7536231884057971,0.75,0.6075949367088608,0.37499999999999994,7803.386944444439
288,31/01/2022,0.9112426035502958,0.28671328671328666,0.7391304347826086,0.75,0.5569620253164557,0.31249999999999994,8793.732951388889
289,1/02/2022,0.9467455621301777,0.28671328671328666,0.8115942028985508,0.125,0.5822784810126582,0.2708333333333333,9362.197743055553
290,2/02/2022,0.8579881656804735,0.22703962703962702,0.9710144927536233,1.0,0.810126582278481,0.4583333333333333,8093.289583333338
291,3/02/2022,0.7278106508875741,0.3636363636363636,0.5942028985507246,0.5,0.5063291139240507,0.6875,7197.270833333329
292,4/02/2022,0.5798816568047338,0.30769230769230765,0.7971014492753623,0.625,0.9113924050632912,0.08333333333333334,6942.934687499994
293,5/02/2022,0.6745562130177516,0.3006993006993007,0.6666666666666667,0.875,0.3670886075949368,0.5833333333333334,6438.603055555557
294,6/02/2022,0.7573964497041421,0.31468531468531463,0.37681159420289856,0.625,0.5569620253164557,0.14583333333333334,6328.283784722217
295,7/02/2022,0.668639053254438,0.2797202797202797,0.7826086956521738,0.75,0.8227848101265823,0.2708333333333333,7022.777326388893
296,8/02/2022,0.6035502958579881,0.13286713286713284,0.9420289855072463,1.0,0.5569620253164557,0.41666666666666663,7076.880069444446
297,9/02/2022,0.63905325443787,0.23076923076923073,0.8115942028985508,0.125,0.4177215189873418,0.35416666666666663,7557.486215277779
298,10/02/2022,0.7633136094674557,0.30769230769230765,0.6231884057971016,0.0,0.4177215189873418,0.2708333333333333,8075.205659722227
299,11/02/2022,0.8579881656804735,0.3006993006993007,0.7536231884057971,0.75,0.7088607594936709,0.41666666666666663,7536.579965277774
300,13/02/2022,0.7159763313609468,0.14685314685314685,0.9420289855072463,0.625,0.40506329113924056,0.35416666666666663,6542.956979166668
301,14/02/2022,0.650887573964497,0.31468531468531463,0.7391304347826086,0.875,0.45569620253164556,0.4583333333333333,7372.50034722222
302,15/02/2022,0.7869822485207103,0.2517482517482517,0.7971014492753623,0.25,0.49367088607594933,0.5416666666666666,7825.009027777783
303,16/02/2022,0.7810650887573964,0.32867132867132864,0.7971014492753623,0.25,0.44303797468354433,0.5416666666666666,7750.616527777781
304,17/02/2022,0.7751479289940828,0.3356643356643356,0.7971014492753623,0.625,0.5569620253164557,0.2708333333333333,8114.118958333334
305,18/02/2022,0.8698224852071006,0.2797202797202797,0.855072463768116,0.5,0.5949367088607596,0.37499999999999994,8020.700902777778
306,19/02/2022,0.8934911242603552,0.31468531468531463,0.5217391304347826,0.875,0.6835443037974683,0.22916666666666666,6977.746041666662
307,21/02/2022,0.8934911242603552,0.23076923076923073,0.34782608695652173,0.875,0.5189873417721519,0.4583333333333333,8043.16736111111
308,23/02/2022,0.8402366863905326,0.20475524475524473,0.9855072463768115,0.875,0.8734177215189874,0.0,7979.459479166662
309,24/02/2022,0.8994082840236688,0.13286713286713284,0.9855072463768115,1.0,0.6962025316455697,0.31249999999999994,8307.194305555558
310,25/02/2022,0.8875739644970415,0.0909090909090909,0.9855072463768115,0.875,0.8860759493670886,0.10416666666666666,8082.805520833333
311,26/02/2022,0.8165680473372783,0.048951048951048945,0.9855072463768115,1.0,0.9873417721518988,0.5416666666666666,7329.16263888889
312,27/02/2022,0.804733727810651,0.11188811188811187,0.9710144927536233,0.875,0.7088607594936709,0.22916666666666666,7147.980347222217
313,28/02/2022,0.863905325443787,0.05594405594405594,0.9855072463768115,0.875,0.7341772151898734,0.10416666666666666,7823.420972222215
314,1/03/2022,0.804733727810651,0.0839160839160839,0.9855072463768115,0.875,0.9367088607594937,0.6875,7689.380937499996
315,2/03/2022,0.8402366863905326,0.13986013986013984,0.7826086956521738,0.875,0.949367088607595,0.49999999999999994,7709.840173611108
316,3/03/2022,0.8224852071005917,0.0839160839160839,0.9710144927536233,0.875,0.8354430379746834,0.5833333333333334,7696.557708333337
317,4/03/2022,0.9230769230769231,0.0909090909090909,0.9710144927536233,0.75,0.7721518987341772,0.41666666666666663,7846.17451388889
318,5/03/2022,0.8816568047337279,0.11538461538461536,1.0,0.875,0.7594936708860759,0.35416666666666663,7523.5713888888895
319,6/03/2022,0.8520710059171599,0.19580419580419578,1.0,1.0,0.9240506329113923,0.5833333333333334,7218.48496527778
320,7/03/2022,0.9053254437869824,0.2517482517482517,0.9565217391304348,1.0,0.8481012658227848,0.35416666666666663,8066.091458333334
321,8/03/2022,0.9171597633136097,0.16683316683316682,1.0,1.0,1.0,0.5416666666666666,7882.270763888886
322,10/03/2022,0.5857988165680472,0.23776223776223773,0.4782608695652174,0.25,0.3924050632911392,0.37499999999999994,7062.305069444443
323,12/03/2022,0.650887573964497,0.20979020979020976,0.8840579710144927,0.875,0.45569620253164556,0.4583333333333333,6589.120451388892
324,14/03/2022,0.6449704142011834,0.09790209790209789,0.9855072463768115,0.25,0.9113924050632912,0.041666666666666664,7142.214062499999
325,15/03/2022,0.6213017751479291,0.11888111888111887,0.9565217391304348,0.375,0.45569620253164556,0.4583333333333333,7153.628958333336
326,16/03/2022,0.7278106508875741,0.24475524475524474,0.9855072463768115,0.875,0.6835443037974683,0.31249999999999994,7467.097812499998
327,17/03/2022,0.7396449704142014,0.06993006993006992,1.0,0.125,0.6455696202531646,0.35416666666666663,7648.045243055556
